{
  "mowziesmobs:root": {
    "criteria": {
      "custom_test_name": "2022-03-20 13:02:54 +0900"
    },
    "done": true
  },
  "minecraft:nether/root": {
    "criteria": {
      "entered_nether": "2022-03-20 17:21:39 +0900"
    },
    "done": true
  },
  "minecraft:story/enter_the_nether": {
    "criteria": {
      "entered_nether": "2022-03-20 17:21:39 +0900"
    },
    "done": true
  },
  "minecraft:adventure/adventuring_time": {
    "criteria": {
      "deep_ocean": "2022-03-20 13:04:46 +0900",
      "ocean": "2022-03-20 13:02:54 +0900"
    },
    "done": false
  }
}