{"stat.chestOpened":18,"stat.walkOneCm":21750,"stat.useItem.minecraft.iron_axe":7,"stat.leaveGame":1,"stat.damageTaken":96,"stat.furnaceInteraction":1,"stat.killEntity.techguns.ZombieMiner":1,"stat.mobKills":2,"stat.mineBlock.minecraft.log":6,"stat.pickup.minecraft.log":6,"stat.flyOneCm":476,"stat.pickup.minecraft.wheat_seeds":1,"stat.jump":10,"stat.mineBlock.minecraft.leaves":1,"stat.playOneMinute":5441,"stat.fallOneCm":569,"stat.sneakTime":62,"stat.killEntity.techguns.ZombieFarmer":1,"stat.damageDealt":10,"stat.pickup.minecraft.gunpowder":1,"stat.crouchOneCm":255,"stat.timeSinceDeath":5441,"stat.pickup.lootbags.itemlootbag":1,"stat.pickup.minecraft.sapling":1,"stat.sprintOneCm":785,"stat.useItem.minecraft.stone_slab2":1}