{"stat.craftItem.immersiveengineering.stone_decoration":89,"stat.mineBlock.quark.roots_white_flower":1,"stat.pickup.minecraft.wooden_slab":893,"stat.leaveGame":31,"stat.useItem.adpother.iron_filter":12,"stat.useItem.thermalfoundation.tool.sickle_iron":51,"stat.drop.forge.bucketfilled":1,"stat.entityKilledBy.techguns.ZombieFarmer":3,"stat.mineBlock.minecraft.web":3,"stat.pickup.immersiveengineering.conveyor":47,"stat.mineBlock.gravestone.gravestone":38,"stat.craftItem.techguns.t1_miner_chestplate":4,"stat.pickup.minecraft.rotten_flesh":1,"stat.mineBlock.logisticalautomation.junction":4,"stat.pickup.minecraft.bucket":58,"stat.mineBlock.minecraft.wooden_slab":54,"stat.pickup.minecraft.leather_boots":1,"stat.drop.forestry.fertilizer_bio":4,"stat.useItem.minecraft.iron_pickaxe":456,"stat.mineBlock.adpother.iron_filter":20,"stat.pickup.contenttweaker.basic_assembler":1,"stat.mineBlock.minecraft.hopper":48,"stat.pickup.thermalfoundation.material":1173,"stat.furnaceInteraction":88,"stat.drop.minecraft.gravel":7,"stat.craftItem.modularmachinery.blockfluidoutputhatch":2,"stat.mineBlock.immersiveengineering.wooden_device0":4,"stat.pickup.f0-resources.drill_component":9,"stat.drop.contenttweaker.filtercarbon1":1,"stat.craftItem.techguns.t1_miner_helmet":5,"stat.pickup.magneticraft.multiblock_parts":3,"stat.pickup.minecraft.potion":1,"stat.useItem.minecraft.wheat_seeds":198,"stat.pickup.immersiveengineering.sheetmetal":6,"stat.pickup.dynamictrees.oakseed":2,"stat.useItem.minecraft.dye":63,"stat.pickup.minecraft.lever":26,"stat.deaths":82,"stat.pickup.techguns.t1_miner_helmet":39,"stat.craftItem.minecraft.iron_pickaxe":4,"stat.drop.minecraft.iron_ingot":154,"stat.craftItem.minecraft.repeater":2,"stat.mineBlock.minecraft.tallgrass":26,"stat.fishCaught":36,"stat.pickup.modularmachinery.blockcasing":2,"stat.chestOpened":1528,"stat.pickup.adpother.sulfur":7,"stat.pickup.mekanism.transmitter":20,"stat.pickup.immersiveengineering.material":3820,"stat.craftItem.modularmachinery.blockcasing":1,"stat.drop.immersiveengineering.metal_decoration1":1,"stat.pickup.techguns.t1_combat_leggings":1,"stat.entityKilledBy.techguns.AlienBug":4,"stat.pickup.pneumaticcraft.gun_ammo":5,"stat.useItem.minecraft.clay":1,"stat.craftItem.minecraft.coal":180,"stat.mineBlock.magneticraft.limestone":2,"stat.crouchOneCm":287567,"stat.mineBlock.minecraft.chest":16,"stat.craftItem.minecraft.iron_ingot":36,"stat.craftItem.logisticalautomation.splitter":4,"stat.craftItem.minecraft.hopper":4,"stat.craftingTableInteraction":3,"stat.mineBlock.magneticraft.inserter":9,"stat.useItem.minecraft.reeds":14,"stat.pickup.immersiveengineering.stone_decoration":42,"stat.useItem.modularmachinery.blockfluidinputhatch":1,"stat.pickup.minecraft.dye":35,"stat.pickup.minecraft.planks":216,"stat.pickup.minecraft.wheat_seeds":873,"stat.pickup.techguns.t1_miner_chestplate":42,"stat.pickup.techguns.t2_commando_boots":1,"stat.mineBlock.minecraft.dirt":23,"stat.useItem.betterboilers.firebox":2,"stat.pickup.immersiveengineering.seed":1649,"stat.craftItem.thermalfoundation.storage":42,"stat.useItem.quark.roots":17,"stat.useItem.minecraft.cobblestone":120,"stat.mineBlock.minecraft.double_plant":5,"stat.pickup.minecraft.iron_pickaxe":47,"stat.pickup.minecraft.hopper":56,"stat.pickup.minecraft.apple":44,"stat.craftItem.immersiveengineering.tool":1,"stat.craftItem.f0-resources.drill_component":9,"stat.pickup.minecraft.coal_block":90,"stat.drop.dynamictrees.oakseed":1,"stat.craftItem.minecraft.planks":662,"stat.pickup.adpother.iron_filter":30,"stat.craftItem.minecraft.dirt":23,"stat.pickup.minecraft.book":9,"stat.mineBlock.minecraft.log":308,"stat.mineBlock.f0-resources.burner_drill_component":33,"stat.mineBlock.modularmachinery.blockcontroller":1,"stat.pickup.immersiveengineering.connector":164,"stat.pickup.minecraft.tripwire_hook":2,"stat.pickup.modularmachinery.blockoutputbus":2,"stat.mineBlock.logisticalautomation.alternator":2,"stat.useItem.minecraft.iron_axe":407,"stat.mineBlock.minecraft.cobblestone":57,"stat.pickup.minecraft.stone_pickaxe":15,"stat.pickup.minecraft.flint":4,"stat.mineBlock.minecraft.yellow_flower":4,"stat.drop.thermalfoundation.material":664,"stat.craftItem.modularmachinery.blockinputbus":8,"stat.pickup.immersiveengineering.metal_decoration0":1,"stat.pickup.immersiveengineering.metal_decoration1":1,"stat.pickup.immersiveengineering.metal_decoration2":2,"stat.craftItem.immersiveengineering.conveyor":1,"stat.pickup.techguns.combatshotgun":2,"stat.pickup.magneticraft.limestone":2,"stat.drop.minecraft.cobblestone":2,"stat.killEntity.techguns.ZombieSoldier":3,"stat.pickup.compacter.compacter":2,"stat.pickup.techguns.boltaction":1,"stat.killEntity.techguns.StormTrooper":2,"stat.pickup.magneticraft.burnt_limestone":1,"stat.useItem.modularmachinery.blockfluidoutputhatch":1,"stat.useItem.minecraft.stone_slab2":357,"stat.mineBlock.modularmachinery.blockenergyinputhatch":1,"stat.pickup.minecraft.bow":2,"stat.pickup.forge.bucketfilled":2,"stat.pickup.minecraft.stone_hoe":3,"stat.mineBlock.mekanism.transmitter":2,"stat.craftItem.minecraft.furnace":8,"stat.pickup.thermalfoundation.ore":1235,"stat.mineBlock.pneumaticcraft.sentry_turret":2,"stat.pickup.minecraft.shears":25,"stat.entityKilledBy.techguns.Commando":6,"stat.pickup.minecraft.iron_trapdoor":7,"stat.mineBlock.minecraft.clay":2,"stat.flyOneCm":1004453,"stat.pickup.adpother.carbon":369,"stat.pickup.minecraft.fish":36,"stat.useItem.contenttweaker.filtercarbon1":1,"stat.pickup.modularmachinery.blockenergyinputhatch":2,"stat.timeSinceDeath":0,"stat.useItem.minecraft.wooden_slab":776,"stat.useItem.magneticraft.multiblock_parts":31,"stat.craftItem.minecraft.iron_block":21,"stat.pickup.industrialrenewal.trash":14,"stat.craftItem.minecraft.stone_hoe":1,"stat.pickup.minecraft.string":29,"stat.mineBlock.minecraft.ladder":4,"stat.pickup.magneticraft.inserter":7,"stat.sprintOneCm":251045,"stat.mineBlock.minecraft.stone_slab":1,"stat.pickup.immersiveengineering.tool":37,"stat.drop.immersiveengineering.connector":3,"stat.craftItem.pneumaticcraft.gun_ammo":4,"stat.pickup.pneumaticcraft.sentry_turret":2,"stat.drop.thermalfoundation.coin":5,"stat.useItem.betterboilers.boiler":15,"stat.pickup.minecraft.sugar":2,"stat.useItem.minecraft.ladder":61,"stat.drop.f0-resources.burner_drill_component":2,"stat.useItem.thermalfoundation.tool.pickaxe_steel":6,"stat.diveOneCm":145811,"stat.pickup.minecraft.wheat":775,"stat.craftItem.minecraft.sandstone":8,"stat.mineBlock.immersiveengineering.metal_device1":1,"stat.craftItem.minecraft.ladder":57,"stat.mineBlock.immersiveengineering.stone_device":6,"stat.mineBlock.immersiveengineering.connector":32,"stat.useItem.immersiveengineering.stone_decoration":94,"stat.jump":10805,"stat.craftItem.dynamictrees.oakseed":2,"stat.pickup.minecraft.coal":1423,"stat.pickup.minecraft.iron_ingot":641,"stat.craftItem.minecraft.lever":7,"stat.pickup.minecraft.gunpowder":40,"stat.drop.immersiveengineering.conveyor":6,"stat.craftItem.mekanism.transmitter":18,"stat.pickup.minecraft.dirt":55,"stat.craftItem.modularmachinery.blockcontroller":3,"stat.useItem.minecraft.sapling":70,"stat.pickup.minecraft.iron_axe":34,"stat.damageTaken":3659,"stat.mineBlock.minecraft.sapling":4,"stat.useItem.forge.bucketfilled":6,"stat.killEntity.Silverfish":13,"stat.pickup.techguns.itemshared":1230,"stat.useItem.minecraft.chest":2,"stat.useItem.minecraft.lava_bucket":1,"stat.pickup.questbook.itemquestbook":34,"stat.mineBlock.immersiveengineering.sheetmetal":1,"stat.pickup.techguns.thompson":26,"stat.useItem.mowziesmobs.naga_fang_dagger":43,"stat.craftItem.pneumaticcraft.sentry_turret":2,"stat.drop.immersiveengineering.wirecoil":1,"stat.mineBlock.metalchests.metal_chest":1,"stat.pickup.minecraft.ladder":6,"stat.craftItem.techguns.itemshared":108,"stat.pickup.adchimneys.cobblestone":959,"stat.killEntity.techguns.AlienBug":27,"stat.craftItem.techguns.t1_miner_boots":4,"stat.mineBlock.minecraft.glowstone":5,"stat.mobKills":227,"stat.craftItem.minecraft.shears":6,"stat.pickup.minecraft.diamond":5,"stat.pickup.minecraft.beetroot_seeds":9,"stat.craftItem.mekanism.controlcircuit":45,"stat.pickup.rftools.coalgenerator":21,"stat.pickup.mowziesmobs.naga_fang":4,"stat.pickup.gravestone.death_info":28,"stat.craftItem.magneticraft.inserter":25,"stat.useItem.rftools.coalgenerator":2,"stat.useItem.minecraft.planks":84,"stat.drop.immersiveengineering.sheetmetal":3,"stat.useItem.f0-resources.burner_drill_component":33,"stat.pickup.minecraft.glowstone_dust":144,"stat.craftItem.immersiveengineering.metal_device1":13,"stat.useItem.minecraft.water_bucket":440,"stat.pickup.minecraft.sand":2,"stat.pickup.questutils.pedestal":1,"stat.pickup.hooked.hook":33,"stat.drop.thermalfoundation.tool.sickle_iron":2,"stat.mineBlock.compacter.compacter":2,"stat.pickup.techguns.t2_beret":1,"stat.pickup.minecraft.wooden_hoe":1,"stat.useItem.adchimneys.cobblestone":216,"stat.pickup.thermalfoundation.coin":59,"stat.pickup.immersiveengineering.wirecoil":92,"stat.useItem.magneticraft.inserter":1,"stat.killEntity.techguns.ZombieFarmer":84,"stat.hopperInspected":469,"stat.drop.minecraft.diamond":1,"stat.craftItem.quark.root_dye":4,"stat.pickup.modularmachinery.blockinputbus":3,"stat.pickup.mekanismgenerators.generator":12,"stat.drop.gravestone.death_info":55,"stat.useItem.immersiveengineering.connector":32,"stat.useItem.f0-resources.drill_component":16,"stat.pickup.techguns.t2_commando_chestplate":2,"stat.craftItem.thermalfoundation.material":270,"stat.pickup.minecraft.furnace":4,"stat.mineBlock.logisticalautomation.splitter":3,"stat.killEntity.techguns.CyberDemon":2,"stat.useItem.modularmachinery.blockcasing":6,"stat.craftItem.minecraft.sand":40,"stat.useItem.immersiveengineering.seed":196,"stat.useItem.minecraft.hopper":25,"stat.craftItem.immersiveengineering.material":507,"stat.playOneMinute":1272474,"stat.pickup.techguns.handcannon":11,"stat.mineBlock.industrialrenewal.trash":13,"stat.pickup.minecraft.netherrack":2,"stat.mineBlock.modularmachinery.blockfluidoutputhatch":5,"stat.craftItem.logisticalautomation.alternator":4,"stat.pickup.simplemagnet.simple_magnet":36,"stat.craftItem.immersiveengineering.wooden_device0":4,"stat.mineBlock.minecraft.netherrack":2,"stat.pickup.dynamictrees.dirtbucket":4,"stat.useItem.magneticraft.limestone":2,"stat.mineBlock.magneticraft.burnt_limestone":1,"stat.craftItem.minecraft.iron_hoe":1,"stat.mineBlock.magneticraft.multiblock_parts":3,"stat.fallOneCm":344388,"stat.craftItem.minecraft.chest":6,"stat.mineBlock.minecraft.lever":11,"stat.useItem.minecraft.iron_hoe":83,"stat.killEntity.techguns.ArmySoldier":4,"stat.craftItem.modularmachinery.blockoutputbus":7,"stat.craftItem.hooked.microcrafting":16,"stat.killEntity.techguns.ZombieMiner":47,"stat.craftItem.dynamictrees.dirtbucket":1,"stat.mineBlock.modularmachinery.blockcasing":1,"stat.pickup.forestry.carpenter":1,"stat.mineBlock.modularmachinery.blockinputbus":2,"stat.pickup.logisticalautomation.junction":4,"stat.useItem.minecraft.stone_pickaxe":4,"stat.craftItem.magneticraft.burnt_limestone":60,"stat.drop.simplemagnet.simple_magnet":4,"stat.useItem.minecraft.iron_bars":11,"stat.useItem.capsule.capsule":2,"stat.pickup.minecraft.crafting_table":1,"stat.mineBlock.f0-resources.drill_component":8,"stat.pickup.minecraft.iron_hoe":32,"stat.pickup.minecraft.log":464,"stat.pickup.metalchests.metal_chest":2,"stat.craftItem.minecraft.stone_button":3,"stat.pickup.polluted_earth.polluted_earth":7,"stat.pickup.magneticraft.shelving_unit":1,"stat.pickup.immersiveengineering.mold":4,"stat.pickup.minecraft.web":3,"stat.pickup.minecraft.sapling":111,"stat.pickup.minecraft.beetroot":7,"stat.pickup.immersiveengineering.metal_device0":1,"stat.pickup.immersiveengineering.metal_device1":17,"stat.useItem.minecraft.beetroot_seeds":3,"stat.pickup.techguns.t3_miner_boots":1,"stat.sneakTime":77360,"stat.killEntity.techguns.Commando":5,"stat.pickup.minecraft.stone_slab":232,"stat.pickup.minecraft.yellow_flower":4,"stat.useItem.minecraft.fishing_rod":56,"stat.pickup.minecraft.chest":21,"stat.pickup.minecraft.bone":1,"stat.useItem.magneticraft.burnt_limestone":1,"stat.useItem.immersiveengineering.conveyor":37,"stat.mineBlock.immersiveengineering.metal_multiblock":1,"stat.pickup.immersiveengineering.wooden_device0":4,"stat.pickup.betterboilers.boiler":1,"stat.craftItem.minecraft.iron_trapdoor":4,"stat.swimOneCm":58322,"stat.climbOneCm":321564,"stat.pickup.capsule.capsule":2,"stat.mineBlock.adchimneys.cobblestone":115,"stat.mineBlock.quark.roots":21,"stat.pickup.lootbags.itemlootbag":21,"stat.useItem.minecraft.dirt":141,"stat.pickup.contenttweaker.filtercarbon1":66,"stat.drop.minecraft.iron_trapdoor":8,"stat.drop.modularmachinery.blockinputbus":1,"stat.pickup.f0-resources.burner_drill_component":40,"stat.pickup.minecraft.cobblestone":736,"stat.mineBlock.magneticraft.shelving_unit":1,"stat.craftItem.minecraft.wooden_slab":360,"stat.craftItem.modularmachinery.blockfluidinputhatch":2,"stat.ae2.TurnedCranks":443,"stat.pickup.minecraft.redstone":42,"stat.useItem.mekanism.transmitter":6,"stat.pickup.techguns.slimy":11,"stat.mineBlock.mekanismgenerators.generator":7,"stat.entityKilledBy.techguns.ArmySoldier":4,"stat.craftItem.adchimneys.cobblestone":96,"stat.drop.industrialrenewal.trash":1,"stat.pickup.mekanism.biofuel":10,"stat.craftItem.minecraft.stone_slab2":0,"stat.pickup.thermalfoundation.tool.sickle_iron":1,"stat.craftItem.techguns.t1_miner_leggings":1,"stat.craftItem.minecraft.stick":284,"stat.mineBlock.polluted_earth.polluted_earth":7,"stat.pickup.f0-resources.item_advanced_scanner":1,"stat.useItem.minecraft.stone_slab":37,"stat.useItem.immersiveengineering.wirecoil":117,"stat.pickup.techguns.t1_miner_leggings":37,"stat.useItem.thermalfoundation.tool.axe_steel":63,"stat.pickup.logisticalautomation.alternator":2,"stat.mineBlock.minecraft.crafting_table":1,"stat.drop.capsule.capsule":1,"stat.drop.pneumaticcraft.sentry_turret":1,"stat.mineBlock.contenttweaker.filtercarbon1":1,"stat.mineBlock.minecraft.planks":14,"stat.pickup.techguns.t2_commando_helmet":1,"stat.drop":157,"stat.useItem.pneumaticcraft.sentry_turret":1,"stat.useItem.thermalfoundation.tool.sickle_steel":40,"stat.pickup.quark.roots":18,"stat.craftItem.logisticalautomation.junction":4,"stat.craftItem.minecraft.clay":2,"stat.useItem.immersiveengineering.tool":22,"stat.pickup.minecraft.gravel":25,"stat.useItem.minecraft.glass_bottle":2,"stat.drop.mekanism.biofuel":1,"stat.mineBlock.quark.roots_black_flower":2,"stat.useItem.minecraft.potion":3,"stat.useItem.immersiveengineering.metal_decoration2":5,"stat.useItem.immersiveengineering.metal_decoration1":2,"stat.pickup.modularmachinery.blockfluidoutputhatch":5,"stat.mineBlock.betterboilers.boiler":1,"stat.drop.magneticraft.inserter":1,"stat.craftItem.minecraft.bread":96,"stat.pickup.minecraft.spider_eye":6,"stat.pickup.minecraft.iron_ore":30,"stat.pickup.logisticalautomation.splitter":3,"stat.pickup.minecraft.leaves":1499,"stat.pickup.minecraft.leather":29,"stat.pickup.quark.roots_black_flower":1,"stat.craftItem.minecraft.iron_bars":60,"stat.mineBlock.minecraft.furnace":5,"stat.mineBlock.immersiveengineering.conveyor":40,"stat.pickup.minecraft.reeds":134,"stat.craftItem.capsule.capsule":3,"stat.pickup.modularmachinery.blockcontroller":1,"stat.craftItem.minecraft.glass":6,"stat.damageDealt":2252,"stat.mineBlock.quark.roots_blue_flower":4,"stat.craftItem.minecraft.gravel":39,"stat.walkOneCm":5625739,"stat.pickup.minecraft.stick":27,"stat.pickup.techguns.t1_miner_boots":41,"stat.pickup.minecraft.clay_ball":8,"stat.useItem.immersiveengineering.sheetmetal":32,"stat.drop.questbook.itemquestbook":2,"stat.pickup.techguns.t1_combat_boots":1,"stat.pickup.quark.root_flower":43,"stat.pickup.f0-resources.item_ore_visualizer":1,"stat.pickup.minecraft.stone":25,"stat.useItem.minecraft.leaves":7,"stat.pickup.techguns.t2_combat_leggings":1,"stat.craftItem.adpother.iron_filter":9,"stat.drop.immersiveengineering.stone_decoration":29,"stat.mineBlock.modularmachinery.blockoutputbus":2,"stat.mineBlock.rftools.coalgenerator":9,"stat.drop.minecraft.crafting_table":1,"stat.useItem.minecraft.iron_block":4,"stat.killEntity.Spider":23,"stat.pickup.minecraft.bread":44,"stat.pickup.techguns.pistol":34,"stat.pickup.minecraft.quartz":2,"stat.pickup.mowziesmobs.barakoa_mask_bliss":3,"stat.pickup.minecraft.water_bucket":4,"stat.mineBlock.minecraft.leaves":1503,"stat.pickup.minecraft.lava_bucket":17,"stat.pickup.immersiveengineering.blueprint":1,"stat.mineBlock.immersiveengineering.stone_decoration":9,"stat.craftItem.minecraft.brick":8,"stat.craftItem.magneticraft.shelving_unit":1,"stat.entityKilledBy.techguns.StormTrooper":9}