{"stat.mineBlock.quark.roots_white_flower":2,"stat.pickup.minecraft.wooden_slab":162,"stat.leaveGame":15,"stat.useItem.adpother.iron_filter":1,"stat.pickup.f0-resources.item_drill_head.f0r.iron":13,"stat.drop.minecraft.redstone":5,"stat.killEntity.PigZombie":7,"stat.entityKilledBy.techguns.ZombieFarmer":9,"stat.mineBlock.minecraft.web":10,"stat.pickup.immersiveengineering.conveyor":268,"stat.mineBlock.gravestone.gravestone":47,"stat.craftItem.techguns.t1_miner_chestplate":11,"stat.pickup.minecraft.rotten_flesh":5,"stat.pickup.minecraft.bucket":16,"stat.mineBlock.minecraft.wooden_slab":104,"stat.killEntity.Witch":5,"stat.useItem.minecraft.iron_pickaxe":1046,"stat.useItem.minecraft.iron_shovel":238,"stat.mineBlock.adpother.iron_filter":8,"stat.pickup.contenttweaker.basic_assembler":1,"stat.craftItem.minecraft.glass_pane":16,"stat.drop.immersiveengineering.seed":2,"stat.mineBlock.minecraft.hopper":43,"stat.pickup.thermalfoundation.material":1468,"stat.furnaceInteraction":417,"stat.noteblockPlayed":1,"stat.pickup.betterboilers.boiler_valve":7,"stat.mineBlock.immersiveengineering.wooden_device0":14,"stat.drop.contenttweaker.filtercarbon1":1,"stat.drop.minecraft.furnace":1,"stat.craftItem.techguns.t1_miner_helmet":4,"stat.pickup.minecraft.potion":1,"stat.useItem.minecraft.flint_and_steel":4,"stat.useItem.minecraft.wheat_seeds":529,"stat.pickup.immersiveengineering.sheetmetal":40,"stat.useItem.minecraft.dye":56,"stat.pickup.minecraft.lever":15,"stat.deaths":130,"stat.pickup.techguns.t1_miner_helmet":23,"stat.craftItem.minecraft.iron_pickaxe":1,"stat.drop.minecraft.iron_ingot":730,"stat.fishCaught":2,"stat.pickup.modularmachinery.blockcasing":22,"stat.chestOpened":2169,"stat.pickup.adpother.sulfur":121,"stat.pickup.mekanism.transmitter":2,"stat.pickup.immersiveengineering.material":3080,"stat.pickup.minecraft.arrow":4,"stat.pickup.minecraft.gold_nugget":5,"stat.craftItem.minecraft.coal":380,"stat.mineBlock.magneticraft.limestone":36,"stat.crouchOneCm":323451,"stat.mineBlock.minecraft.chest":22,"stat.craftItem.minecraft.iron_ingot":214,"stat.craftItem.logisticalautomation.splitter":3,"stat.mineBlock.minecraft.concrete_powder":1,"stat.craftItem.minecraft.hopper":5,"stat.pickup.minecraft.repeater":8,"stat.mineBlock.magneticraft.inserter":31,"stat.mineBlock.desirepaths.grass_worn_1":3,"stat.mineBlock.betterboilers.controller":4,"stat.useItem.minecraft.reeds":22,"stat.mineBlock.desirepaths.grass_worn_3":2,"stat.mineBlock.desirepaths.grass_worn_2":1,"stat.pickup.minecraft.planks":55,"stat.pickup.betterboilers.boiler_vent":4,"stat.pickup.minecraft.wheat_seeds":1134,"stat.pickup.techguns.t1_miner_chestplate":44,"stat.drop.contenttweaker.metal_former":1,"stat.mineBlock.minecraft.dirt":37,"stat.useItem.betterboilers.firebox":6,"stat.useItem.minecraft.bread":456,"stat.pickup.immersiveengineering.seed":1254,"stat.pickup.modularmachinery.blockenergyoutputhatch":1,"stat.useItem.minecraft.cobblestone":339,"stat.useItem.minecraft.gravel":188,"stat.pickup.minecraft.iron_pickaxe":22,"stat.drop.minecraft.iron_ore":1,"stat.drop.minecraft.sapling":6,"stat.pickup.minecraft.hopper":79,"stat.useItem.modularmachinery.blockinputbus":9,"stat.pickup.minecraft.apple":221,"stat.pickup.minecraft.coal_block":42,"stat.craftItem.minecraft.bucket":18,"stat.craftItem.minecraft.planks":1284,"stat.useItem.minecraft.iron_sword":10,"stat.pickup.adpother.iron_filter":10,"stat.craftItem.minecraft.dirt":103,"stat.mineBlock.minecraft.log":1136,"stat.mineBlock.f0-resources.burner_drill_component":91,"stat.mineBlock.modularmachinery.blockcontroller":16,"stat.pickup.techguns.t3_miner_helmet":1,"stat.pickup.immersiveengineering.connector":283,"stat.useItem.minecraft.wooden_axe":118,"stat.pickup.minecraft.tripwire_hook":2,"stat.mineBlock.questutils.pedestal":1,"stat.pickup.modularmachinery.blockoutputbus":13,"stat.useItem.minecraft.iron_axe":1567,"stat.mineBlock.minecraft.cobblestone":1016,"stat.pickup.minecraft.stone_pickaxe":4,"stat.pickup.minecraft.flint":17,"stat.pickup.forestry.wood_pulp":1,"stat.pickup.techguns.blasterrifle":1,"stat.drop.thermalfoundation.material":915,"stat.craftItem.modularmachinery.blockinputbus":1,"stat.pickup.immersiveengineering.metal_decoration0":35,"stat.pickup.immersiveengineering.metal_decoration1":38,"stat.pickup.immersiveengineering.metal_decoration2":9,"stat.pickup.techguns.combatshotgun":3,"stat.pickup.magneticraft.limestone":73,"stat.pickup.techguns.boltaction":1,"stat.killEntity.techguns.StormTrooper":4,"stat.pickup.techguns.t2_commando_leggings":1,"stat.useItem.minecraft.obsidian":14,"stat.useItem.minecraft.stone_slab2":494,"stat.mineBlock.modularmachinery.blockenergyinputhatch":9,"stat.pickup.minecraft.stone_hoe":7,"stat.mineBlock.mekanism.transmitter":1,"stat.pickup.thermalfoundation.ore":448,"stat.mineBlock.minecraft.obsidian":1,"stat.pickup.minecraft.shears":17,"stat.pickup.minecraft.iron_trapdoor":6,"stat.entityKilledBy.techguns.Commando":1,"stat.mineBlock.minecraft.noteblock":1,"stat.flyOneCm":4977687,"stat.pickup.adpother.carbon":758,"stat.mineBlock.immersiveengineering.metal_decoration2":1,"stat.mineBlock.immersiveengineering.metal_decoration1":35,"stat.useItem.contenttweaker.filtercarbon1":4,"stat.pickup.modularmachinery.blockenergyinputhatch":9,"stat.mineBlock.immersiveengineering.metal_decoration0":36,"stat.timeSinceDeath":1377,"stat.useItem.minecraft.wooden_slab":1235,"stat.craftItem.minecraft.iron_block":11,"stat.pickup.industrialrenewal.trash":3,"stat.pickup.betterboilers.firebox_hatch":3,"stat.useItem.quark.iron_plate_stairs":18,"stat.pickup.minecraft.shield":2,"stat.craftItem.minecraft.stone_hoe":1,"stat.pickup.minecraft.string":177,"stat.pickup.magneticraft.inserter":89,"stat.sprintOneCm":4673882,"stat.mineBlock.minecraft.stone_slab":59,"stat.pickup.immersiveengineering.tool":28,"stat.drop.minecraft.stone_hoe":1,"stat.craftItem.f0-resources.burner_drill_component":8,"stat.pickup.pneumaticcraft.sentry_turret":1,"stat.drop.minecraft.lava_bucket":1,"stat.mineBlock.modularmachinery.blockenergyoutputhatch":1,"stat.drop.thermalfoundation.coin":4,"stat.useItem.betterboilers.boiler":119,"stat.pickup.minecraft.iron_block":1,"stat.pickup.modularmachinery.blockfluidinputhatch":2,"stat.diveOneCm":130953,"stat.pickup.minecraft.wheat":1088,"stat.mineBlock.immersiveengineering.metal_device0":16,"stat.mineBlock.immersiveengineering.metal_device1":13,"stat.pickup.minecraft.obsidian":1,"stat.mineBlock.immersiveengineering.connector":71,"stat.jump":21179,"stat.useItem.minecraft.sand":18,"stat.pickup.minecraft.coal":309,"stat.pickup.minecraft.iron_ingot":1370,"stat.craftItem.minecraft.lever":1,"stat.pickup.minecraft.gunpowder":157,"stat.drop.immersiveengineering.conveyor":28,"stat.pickup.minecraft.dirt":102,"stat.useItem.minecraft.sapling":241,"stat.pickup.minecraft.iron_axe":17,"stat.damageTaken":3829,"stat.mineBlock.minecraft.sapling":16,"stat.noteblockTuned":197,"stat.pickup.minecraft.bed":1,"stat.useItem.forge.bucketfilled":1,"stat.useItem.immersiveengineering.metal_device0":7,"stat.useItem.immersiveengineering.metal_device1":17,"stat.killEntity.Silverfish":29,"stat.drop.questutils.pedestal":3,"stat.drop.techguns.itemshared":21,"stat.craftItem.minecraft.stone_slab":468,"stat.pickup.techguns.itemshared":2559,"stat.useItem.minecraft.chest":7,"stat.pickup.minecraft.diamond_pickaxe":8,"stat.pickup.minecraft.noteblock":1,"stat.useItem.minecraft.lava_bucket":2,"stat.pickup.questbook.itemquestbook":1,"stat.mineBlock.immersiveengineering.sheetmetal":40,"stat.useItem.modularmachinery.blockoutputbus":1,"stat.drop.minecraft.wooden_slab":1,"stat.pickup.minecraft.ladder":6,"stat.craftItem.techguns.itemshared":1652,"stat.useItem.minecraft.tripwire_hook":1,"stat.pickup.adchimneys.cobblestone":18,"stat.killEntity.techguns.AlienBug":54,"stat.mineBlock.minecraft.glowstone":12,"stat.craftItem.techguns.t1_miner_boots":7,"stat.mobKills":669,"stat.craftItem.minecraft.shears":2,"stat.pickup.minecraft.diamond":10,"stat.pickup.minecraft.beetroot_seeds":4,"stat.useItem.logisticalautomation.splitter":1,"stat.entityKilledBy.Silverfish":1,"stat.pickup.rftools.coalgenerator":6,"stat.pickup.mowziesmobs.naga_fang":3,"stat.useItem.minecraft.string":1,"stat.pickup.techguns.t3_miner_chestplate":1,"stat.entityKilledBy.techguns.ZombieMiner":5,"stat.craftItem.minecraft.iron_axe":2,"stat.pickup.gravestone.death_info":35,"stat.drop.techguns.pistol":1,"stat.useItem.minecraft.planks":134,"stat.useItem.rftools.coalgenerator":3,"stat.useItem.f0-resources.burner_drill_component":85,"stat.pickup.minecraft.glowstone_dust":37,"stat.useItem.thermalfoundation.ore":1,"stat.mineBlock.betterboilers.boiler_vent":6,"stat.pickup.minecraft.blaze_powder":2,"stat.useItem.minecraft.water_bucket":732,"stat.pickup.minecraft.sand":19,"stat.pickup.questutils.pedestal":3,"stat.entityKilledBy.Spider":1,"stat.pickup.hooked.hook":16,"stat.pickup.techguns.m4_infiltrator":2,"stat.mineBlock.appliedenergistics2.grindstone":11,"stat.pickup.minecraft.wooden_hoe":17,"stat.useItem.adchimneys.cobblestone":13,"stat.pickup.mowziesmobs.barakoa_mask_misery":1,"stat.pickup.thermalfoundation.coin":45,"stat.mineBlock.minecraft.sand":19,"stat.pickup.immersiveengineering.wirecoil":146,"stat.killEntity.techguns.ZombieFarmer":240,"stat.useItem.magneticraft.inserter":25,"stat.hopperInspected":725,"stat.pickup.modularmachinery.blockinputbus":24,"stat.pickup.mekanismgenerators.generator":10,"stat.drop.gravestone.death_info":77,"stat.useItem.immersiveengineering.connector":122,"stat.craftItem.thermalfoundation.material":377,"stat.drop.minecraft.stone_slab":64,"stat.mineBlock.betterboilers.firebox_hatch":3,"stat.pickup.minecraft.furnace":4,"stat.useItem.minecraft.redstone":6,"stat.mineBlock.logisticalautomation.splitter":4,"stat.useItem.minecraft.stone_stairs":1,"stat.killEntity.techguns.CyberDemon":4,"stat.useItem.modularmachinery.blockcasing":20,"stat.pickup.minecraft.stone_stairs":1,"stat.craftItem.minecraft.sand":5,"stat.useItem.immersiveengineering.seed":55,"stat.useItem.minecraft.hopper":28,"stat.craftItem.immersiveengineering.material":1033,"stat.mineBlock.minecraft.soul_sand":7,"stat.pickup.betterboilers.controller":4,"stat.pickup.quark.iron_plate_stairs":14,"stat.playOneMinute":2155251,"stat.pickup.techguns.handcannon":18,"stat.useItem.immersiveengineering.wooden_device0":9,"stat.drop.techguns.handcannon":2,"stat.mineBlock.industrialrenewal.trash":3,"stat.pickup.minecraft.netherrack":16,"stat.mineBlock.modularmachinery.blockfluidoutputhatch":1,"stat.craftItem.logisticalautomation.alternator":3,"stat.pickup.simplemagnet.simple_magnet":13,"stat.craftItem.immersiveengineering.wooden_device0":3,"stat.pickup.appliedenergistics2.grindstone":8,"stat.drop.minecraft.hopper":3,"stat.mineBlock.minecraft.netherrack":16,"stat.useItem.magneticraft.limestone":66,"stat.mineBlock.betterboilers.firebox":2,"stat.craftItem.minecraft.iron_hoe":3,"stat.fallOneCm":1119404,"stat.drop.minecraft.dye":1,"stat.craftItem.minecraft.chest":9,"stat.mineBlock.minecraft.lever":3,"stat.entityKilledBy.techguns.CyberDemon":5,"stat.useItem.minecraft.iron_hoe":195,"stat.killEntity.techguns.ArmySoldier":9,"stat.pickup.techguns.revolver":2,"stat.killEntity.techguns.ZombieMiner":94,"stat.useItem.minecraft.furnace":3,"stat.mineBlock.modularmachinery.blockcasing":23,"stat.mineBlock.modularmachinery.blockinputbus":23,"stat.pickup.contenttweaker.metal_former":1,"stat.mineBlock.minecraft.gravel":191,"stat.useItem.minecraft.stone_pickaxe":55,"stat.pickup.betterboilers.firebox":2,"stat.drop.minecraft.iron_axe":1,"stat.useItem.minecraft.iron_bars":11,"stat.pickup.minecraft.flint_and_steel":1,"stat.mineBlock.modularmachinery.blockfluidinputhatch":2,"stat.craftItem.minecraft.redstone_block":124,"stat.useItem.minecraft.log":6,"stat.pickup.minecraft.crafting_table":1,"stat.pickup.minecraft.iron_hoe":9,"stat.pickup.minecraft.log":1477,"stat.pickup.appliedenergistics2.crank":6,"stat.pickup.immersiveengineering.mold":18,"stat.pickup.minecraft.sapling":345,"stat.mineBlock.minecraft.iron_block":1,"stat.pickup.minecraft.beetroot":3,"stat.drop.immersiveengineering.material":27,"stat.useItem.minecraft.stone_hoe":44,"stat.pickup.immersiveengineering.metal_device0":13,"stat.pickup.immersiveengineering.metal_device1":13,"stat.pickup.techguns.t3_miner_boots":1,"stat.sneakTime":104504,"stat.killEntity.techguns.Commando":9,"stat.pickup.minecraft.stone_slab":737,"stat.useItem.minecraft.fishing_rod":44,"stat.pickup.minecraft.chest":21,"stat.useItem.minecraft.web":2,"stat.pickup.minecraft.bone":2,"stat.craftItem.betterboilers.boiler":128,"stat.useItem.minecraft.repeater":6,"stat.drop.minecraft.glowstone_dust":36,"stat.useItem.immersiveengineering.conveyor":208,"stat.mineBlock.immersiveengineering.metal_multiblock":17,"stat.pickup.immersiveengineering.wooden_device0":15,"stat.pickup.betterboilers.boiler":19,"stat.swimOneCm":93044,"stat.climbOneCm":702009,"stat.pickup.capsule.capsule":1,"stat.mineBlock.adchimneys.cobblestone":19,"stat.mineBlock.quark.roots":1,"stat.pickup.lootbags.itemlootbag":29,"stat.useItem.minecraft.dirt":323,"stat.pickup.contenttweaker.filtercarbon1":69,"stat.craftItem.minecraft.stone_pickaxe":1,"stat.pickup.f0-resources.burner_drill_component":113,"stat.pickup.minecraft.cobblestone":2458,"stat.pickup.minecraft.soul_sand":7,"stat.pickup.minecraft.glass_bottle":1,"stat.craftItem.minecraft.wooden_slab":1038,"stat.pickup.minecraft.redstone":244,"stat.ae2.TurnedCranks":2293,"stat.pickup.techguns.slimy":15,"stat.drop.minecraft.log":8,"stat.mineBlock.mekanismgenerators.generator":8,"stat.entityKilledBy.techguns.ArmySoldier":2,"stat.drop.minecraft.coal":35,"stat.useItem.minecraft.lever":4,"stat.pickup.minecraft.wooden_axe":1,"stat.mineBlock.thermalfoundation.ore":1,"stat.drop.minecraft.dirt":1,"stat.pickup.minecraft.iron_shovel":17,"stat.pickup.mekanism.biofuel":430,"stat.craftItem.minecraft.stone_slab2":0,"stat.craftItem.techguns.t1_miner_leggings":9,"stat.useItem.modularmachinery.blockcontroller":1,"stat.craftItem.minecraft.stick":534,"stat.pickup.f0-resources.item_advanced_scanner":2,"stat.useItem.minecraft.stone_slab":414,"stat.useItem.immersiveengineering.wirecoil":317,"stat.pickup.techguns.t1_miner_leggings":32,"stat.useItem.minecraft.diamond_pickaxe":947,"stat.drop.capsule.capsule":3,"stat.mineBlock.contenttweaker.filtercarbon1":6,"stat.mineBlock.betterboilers.boiler_valve":7,"stat.mineBlock.minecraft.planks":34,"stat.pickup.techguns.t2_commando_helmet":2,"stat.drop":295,"stat.mineBlock.quark.iron_plate_stairs":14,"stat.drop.rftools.coalgenerator":3,"stat.drop.minecraft.bread":1,"stat.craftItem.logisticalautomation.junction":3,"stat.useItem.immersiveengineering.tool":175,"stat.pickup.minecraft.gravel":140,"stat.pickup.quark.iron_plate":21,"stat.useItem.minecraft.apple":113,"stat.drop.mekanism.biofuel":5,"stat.drop.contenttweaker.basic_assembler":1,"stat.useItem.immersiveengineering.metal_decoration2":5,"stat.useItem.immersiveengineering.metal_decoration1":36,"stat.useItem.immersiveengineering.metal_decoration0":17,"stat.pickup.modularmachinery.blockfluidoutputhatch":3,"stat.useItem.minecraft.wooden_hoe":31,"stat.mineBlock.betterboilers.boiler":24,"stat.drop.magneticraft.inserter":3,"stat.useItem.minecraft.piston":9,"stat.craftItem.minecraft.bread":455,"stat.pickup.minecraft.spider_eye":55,"stat.drop.minecraft.bed":1,"stat.pickup.minecraft.iron_ore":176,"stat.pickup.logisticalautomation.splitter":4,"stat.craftItem.minecraft.flint_and_steel":1,"stat.pickup.minecraft.leaves":4819,"stat.mineBlock.minecraft.stone_stairs":1,"stat.pickup.minecraft.leather":123,"stat.craftItem.minecraft.iron_bars":12,"stat.mineBlock.minecraft.furnace":3,"stat.mineBlock.immersiveengineering.conveyor":177,"stat.drop.minecraft.water_bucket":2,"stat.pickup.minecraft.reeds":127,"stat.craftItem.capsule.capsule":5,"stat.pickup.modularmachinery.blockcontroller":16,"stat.damageDealt":3345,"stat.craftItem.minecraft.glass":3,"stat.mineBlock.quark.roots_blue_flower":1,"stat.craftItem.minecraft.gravel":66,"stat.pickup.minecraft.piston":19,"stat.walkOneCm":4106798,"stat.playerKills":2,"stat.pickup.minecraft.stick":4,"stat.pickup.techguns.t1_miner_boots":28,"stat.useItem.immersiveengineering.sheetmetal":4,"stat.pickup.quark.root_flower":3,"stat.craftItem.mekanismgenerators.generator":16,"stat.pickup.f0-resources.item_ore_visualizer":17,"stat.useItem.quark.iron_plate":37,"stat.craftItem.minecraft.redstone":693,"stat.pickup.techguns.t2_combat_leggings":1,"stat.killEntity.Skeleton":3,"stat.mineBlock.modularmachinery.blockoutputbus":11,"stat.mineBlock.rftools.coalgenerator":5,"stat.drop.minecraft.crafting_table":1,"stat.pickup.mekanism.controlcircuit":1,"stat.useItem.minecraft.iron_block":6,"stat.killEntity.Spider":159,"stat.pickup.minecraft.bread":275,"stat.pickup.techguns.pistol":19,"stat.pickup.minecraft.concrete_powder":2,"stat.pickup.minecraft.water_bucket":12,"stat.mineBlock.minecraft.leaves":5022,"stat.mineBlock.minecraft.piston":20,"stat.mineBlock.quark.iron_plate":20,"stat.pickup.minecraft.lava_bucket":1,"stat.entityKilledBy.techguns.StormTrooper":10}