{"stat.craftItem.immersiveengineering.stone_decoration":27,"stat.pickup.minecraft.wooden_slab":1016,"stat.leaveGame":16,"stat.useItem.adpother.iron_filter":10,"stat.useItem.thermalfoundation.tool.sickle_iron":79,"stat.pickup.f0-resources.item_drill_head.f0r.iron":4,"stat.entityKilledBy.techguns.ZombieFarmer":8,"stat.mineBlock.minecraft.web":22,"stat.pickup.immersiveengineering.conveyor":27,"stat.drop.minecraft.coal_block":31,"stat.mineBlock.gravestone.gravestone":126,"stat.craftItem.techguns.t1_miner_chestplate":16,"stat.pickup.minecraft.bucket":2,"stat.mineBlock.minecraft.wooden_slab":446,"stat.killEntity.Witch":2,"stat.mineBlock.techguns.sandbags":1,"stat.useItem.minecraft.iron_pickaxe":133,"stat.mineBlock.adpother.iron_filter":10,"stat.mineBlock.minecraft.hopper":27,"stat.useItem.adpother.carbon":3,"stat.pickup.thermalfoundation.material":2180,"stat.furnaceInteraction":273,"stat.drop.minecraft.gravel":2,"stat.pickup.f0-resources.drill_component":9,"stat.drop.contenttweaker.filtercarbon1":14,"stat.craftItem.techguns.t1_miner_helmet":3,"stat.useItem.minecraft.wheat_seeds":209,"stat.useItem.minecraft.dye":22,"stat.pickup.minecraft.lever":19,"stat.deaths":146,"stat.pickup.techguns.t1_miner_helmet":13,"stat.craftItem.minecraft.iron_pickaxe":3,"stat.drop.minecraft.iron_ingot":618,"stat.craftItem.minecraft.repeater":15,"stat.chestOpened":1985,"stat.pickup.adpother.sulfur":24,"stat.pickup.mekanism.transmitter":2,"stat.pickup.immersiveengineering.material":3255,"stat.drop.immersiveengineering.metal_decoration1":1,"stat.pickup.minecraft.arrow":2,"stat.pickup.minecraft.wooden_pressure_plate":3,"stat.entityKilledBy.techguns.AlienBug":21,"stat.craftItem.minecraft.coal":359,"stat.drop.minecraft.iron_pickaxe":1,"stat.mineBlock.magneticraft.limestone":1487,"stat.crouchOneCm":467652,"stat.mineBlock.minecraft.chest":15,"stat.craftItem.minecraft.iron_ingot":1658,"stat.mineBlock.minecraft.concrete_powder":2,"stat.craftingTableInteraction":1,"stat.drop.minecraft.concrete_powder":1,"stat.mineBlock.minecraft.wooden_pressure_plate":3,"stat.pickup.minecraft.repeater":2,"stat.mineBlock.magneticraft.inserter":1,"stat.useItem.minecraft.reeds":1,"stat.pickup.immersiveengineering.stone_decoration":140,"stat.useItem.metalchests.metal_chest":1,"stat.pickup.minecraft.dye":9,"stat.pickup.minecraft.planks":337,"stat.pickup.minecraft.wheat_seeds":649,"stat.pickup.techguns.t1_miner_chestplate":21,"stat.mineBlock.minecraft.dirt":32,"stat.drop.minecraft.paper":1,"stat.useItem.minecraft.bread":201,"stat.craftItem.thermalfoundation.storage":44,"stat.pickup.immersiveengineering.seed":1890,"stat.useItem.minecraft.cobblestone":131,"stat.pickup.minecraft.iron_pickaxe":28,"stat.drop.minecraft.sapling":3,"stat.pickup.minecraft.hopper":31,"stat.craftItem.chisel.chisel_iron":1,"stat.pickup.minecraft.apple":173,"stat.craftItem.f0-resources.drill_component":36,"stat.craftItem.minecraft.planks":2328,"stat.useItem.minecraft.iron_sword":66,"stat.itemEnchanted":5,"stat.pickup.adpother.iron_filter":10,"stat.pickup.minecraft.book":3,"stat.mineBlock.minecraft.log":858,"stat.mineBlock.f0-resources.burner_drill_component":48,"stat.useItem.minecraft.wooden_door":1,"stat.craftItem.minecraft.paper":618,"stat.pickup.immersiveengineering.connector":26,"stat.useItem.minecraft.wooden_axe":54,"stat.mineBlock.questutils.pedestal":1,"stat.pickup.modularmachinery.blockoutputbus":2,"stat.useItem.minecraft.iron_axe":1091,"stat.mineBlock.minecraft.cobblestone":112,"stat.pickup.minecraft.stone_pickaxe":4,"stat.pickup.minecraft.flint":3,"stat.drop.thermalfoundation.material":412,"stat.craftItem.minecraft.wool":2,"stat.pickup.immersiveengineering.metal_decoration0":10,"stat.pickup.immersiveengineering.metal_decoration1":3,"stat.pickup.immersiveengineering.metal_decoration2":2,"stat.craftItem.metalchests.metal_chest":2,"stat.pickup.magneticraft.limestone":1633,"stat.drop.minecraft.cobblestone":4,"stat.useItem.minecraft.stone_slab2":378,"stat.pickup.minecraft.bow":2,"stat.pickup.minecraft.stone_hoe":4,"stat.craftItem.minecraft.furnace":65,"stat.mineBlock.mekanism.transmitter":2,"stat.pickup.thermalfoundation.ore":267,"stat.mineBlock.minecraft.obsidian":71,"stat.entityKilledBy.techguns.Commando":1,"stat.craftItem.minecraft.bow":15,"stat.flyOneCm":1740138,"stat.pickup.adpother.carbon":372,"stat.mineBlock.immersiveengineering.metal_decoration2":2,"stat.useItem.contenttweaker.filtercarbon1":1,"stat.pickup.modularmachinery.blockenergyinputhatch":1,"stat.mineBlock.immersiveengineering.metal_decoration0":8,"stat.timeSinceDeath":19598,"stat.useItem.minecraft.wooden_slab":4960,"stat.craftItem.minecraft.iron_block":220,"stat.pickup.industrialrenewal.trash":27,"stat.craftItem.minecraft.concrete_powder":9,"stat.pickup.minecraft.shield":27,"stat.pickup.minecraft.string":143,"stat.pickup.techguns.t1_scout_helmet":22,"stat.pickup.magneticraft.inserter":2,"stat.sprintOneCm":4025064,"stat.useItem.minecraft.diamond_shovel":3,"stat.mineBlock.minecraft.stone_slab":32,"stat.pickup.immersiveengineering.tool":39,"stat.drop.immersiveengineering.connector":11,"stat.craftItem.f0-resources.burner_drill_component":24,"stat.drop.thermalfoundation.coin":189,"stat.craftItem.minecraft.wooden_pressure_plate":1,"stat.useItem.minecraft.ladder":59,"stat.pickup.techguns.t1_scout_boots":22,"stat.drop.f0-resources.burner_drill_component":7,"stat.craftItem.minecraft.dye":6,"stat.diveOneCm":101688,"stat.pickup.minecraft.wheat":474,"stat.craftItem.minecraft.sandstone":9,"stat.craftItem.minecraft.ladder":27,"stat.pickup.minecraft.sign":1,"stat.mineBlock.immersiveengineering.stone_device":2,"stat.drop.lootbags.itemlootbag":3,"stat.pickup.minecraft.obsidian":68,"stat.mineBlock.immersiveengineering.connector":11,"stat.useItem.immersiveengineering.stone_decoration":27,"stat.jump":14507,"stat.pickup.minecraft.coal":294,"stat.pickup.minecraft.iron_ingot":1125,"stat.craftItem.minecraft.lever":16,"stat.pickup.minecraft.gunpowder":160,"stat.drop.immersiveengineering.conveyor":3,"stat.pickup.minecraft.dirt":63,"stat.drop.techguns.t1_miner_leggings":1,"stat.useItem.minecraft.sapling":135,"stat.pickup.minecraft.iron_axe":20,"stat.damageTaken":1671,"stat.mineBlock.minecraft.sapling":14,"stat.useItem.forge.bucketfilled":2,"stat.pickup.minecraft.diamond_axe":18,"stat.killEntity.Silverfish":35,"stat.drop.questutils.pedestal":1,"stat.drop.techguns.itemshared":1,"stat.pickup.techguns.itemshared":300,"stat.useItem.thermalfoundation.tool.hammer_diamond":913,"stat.useItem.minecraft.chest":3,"stat.pickup.immersiveengineering.treated_wood_slab":3,"stat.pickup.questbook.itemquestbook":3,"stat.drop.techguns.t1_miner_boots":4,"stat.drop.immersiveengineering.wirecoil":4,"stat.mineBlock.metalchests.metal_chest":2,"stat.pickup.thermalfoundation.storage":88,"stat.drop.minecraft.wooden_slab":67,"stat.pickup.minecraft.ladder":49,"stat.useItem.minecraft.netherrack":4,"stat.craftItem.minecraft.bookshelf":20,"stat.craftItem.techguns.itemshared":161,"stat.pickup.adchimneys.cobblestone":1661,"stat.killEntity.techguns.AlienBug":15,"stat.craftItem.techguns.t1_miner_boots":3,"stat.mobKills":428,"stat.mineBlock.minecraft.bookshelf":3,"stat.craftItem.minecraft.shears":2,"stat.pickup.minecraft.diamond":93,"stat.pickup.minecraft.beetroot_seeds":2,"stat.craftItem.mekanism.controlcircuit":111,"stat.pickup.rftools.coalgenerator":10,"stat.pickup.mowziesmobs.naga_fang":4,"stat.useItem.minecraft.bookshelf":16,"stat.entityKilledBy.techguns.ZombieMiner":6,"stat.craftItem.minecraft.iron_axe":2,"stat.pickup.gravestone.death_info":91,"stat.drop.techguns.pistol":1,"stat.craftItem.magneticraft.inserter":101,"stat.useItem.minecraft.planks":135,"stat.useItem.rftools.coalgenerator":2,"stat.useItem.f0-resources.burner_drill_component":63,"stat.pickup.minecraft.glowstone_dust":72,"stat.useItem.thermalfoundation.ore":326,"stat.useItem.minecraft.water_bucket":501,"stat.pickup.minecraft.sand":52,"stat.pickup.questutils.pedestal":3,"stat.entityKilledBy.Spider":6,"stat.pickup.minecraft.wooden_hoe":6,"stat.useItem.adchimneys.cobblestone":386,"stat.pickup.mowziesmobs.barakoa_mask_misery":1,"stat.pickup.thermalfoundation.coin":465,"stat.pickup.immersiveengineering.wirecoil":30,"stat.killEntity.techguns.ZombieFarmer":169,"stat.hopperInspected":467,"stat.drop.adchimneys.cobblestone":1,"stat.pickup.modularmachinery.blockinputbus":1,"stat.drop.gravestone.death_info":114,"stat.useItem.immersiveengineering.connector":14,"stat.useItem.f0-resources.drill_component":25,"stat.craftItem.thermalfoundation.material":521,"stat.drop.minecraft.wooden_pressure_plate":1,"stat.pickup.minecraft.furnace":1,"stat.pickup.techguns.t1_scout_chestplate":22,"stat.pickup.f0-resources.item_drill_head.f0r.diamond":1,"stat.craftItem.minecraft.sand":38,"stat.useItem.immersiveengineering.seed":124,"stat.craftItem.immersiveengineering.material":581,"stat.playOneMinute":2893731,"stat.pickup.techguns.handcannon":7,"stat.craftItem.minecraft.diamond_block":4,"stat.mineBlock.industrialrenewal.trash":27,"stat.pickup.minecraft.netherrack":4,"stat.pickup.simplemagnet.simple_magnet":19,"stat.mineBlock.minecraft.netherrack":4,"stat.useItem.chisel.futura":6,"stat.craftItem.minecraft.iron_nugget":9,"stat.craftItem.minecraft.iron_hoe":1,"stat.fallOneCm":1959233,"stat.drop.minecraft.stone":7,"stat.pickup.minecraft.melon_seeds":7,"stat.craftItem.minecraft.chest":9,"stat.mineBlock.minecraft.lever":2,"stat.entityKilledBy.techguns.CyberDemon":1,"stat.useItem.minecraft.iron_hoe":163,"stat.pickup.techguns.revolver":18,"stat.pickup.techguns.sandbags":1,"stat.killEntity.techguns.ZombieMiner":65,"stat.useItem.minecraft.furnace":2,"stat.pickup.forestry.carpenter":1,"stat.craftItem.magneticraft.burnt_limestone":4,"stat.drop.simplemagnet.simple_magnet":1,"stat.pickup.minecraft.iron_nugget":21,"stat.craftItem.minecraft.redstone_block":163,"stat.useItem.minecraft.log":36,"stat.mineBlock.f0-resources.drill_component":7,"stat.pickup.minecraft.iron_hoe":11,"stat.pickup.minecraft.redstone_block":3,"stat.pickup.minecraft.log":875,"stat.pickup.thermalfoundation.tool.hammer_diamond":19,"stat.pickup.metalchests.metal_chest":2,"stat.drop.minecraft.planks":22,"stat.pickup.minecraft.sapling":250,"stat.pickup.minecraft.wooden_door":3,"stat.drop.immersiveengineering.wooden_device0":1,"stat.drop.immersiveengineering.material":24,"stat.sneakTime":186932,"stat.pickup.minecraft.stone_slab":23,"stat.useItem.minecraft.fishing_rod":21,"stat.pickup.minecraft.chest":15,"stat.pickup.minecraft.bone":28,"stat.useItem.immersiveengineering.conveyor":18,"stat.pickup.immersiveengineering.wooden_device0":1,"stat.mineBlock.forestry.carpenter":1,"stat.swimOneCm":32908,"stat.climbOneCm":431689,"stat.mineBlock.adchimneys.cobblestone":265,"stat.pickup.lootbags.itemlootbag":46,"stat.useItem.minecraft.dirt":183,"stat.pickup.contenttweaker.filtercarbon1":52,"stat.pickup.f0-resources.burner_drill_component":71,"stat.pickup.minecraft.cobblestone":522,"stat.mineBlock.minecraft.redstone_block":5,"stat.pickup.appliedenergistics2.material":1,"stat.drop.minecraft.wheat_seeds":52,"stat.craftItem.minecraft.wooden_slab":3066,"stat.pickup.minecraft.redstone":651,"stat.ae2.TurnedCranks":1235,"stat.craftItem.minecraft.dispenser":15,"stat.craftItem.minecraft.book":116,"stat.pickup.techguns.slimy":2,"stat.useItem.minecraft.sign":5,"stat.drop.minecraft.coal":1,"stat.useItem.minecraft.lever":10,"stat.pickup.minecraft.wooden_axe":2,"stat.craftItem.adchimneys.cobblestone":684,"stat.mineBlock.thermalfoundation.ore":331,"stat.drop.minecraft.dirt":1,"stat.pickup.minecraft.diamond_shovel":18,"stat.pickup.mekanism.biofuel":4,"stat.craftItem.minecraft.stone_slab2":0,"stat.pickup.thermalfoundation.tool.sickle_iron":1,"stat.craftItem.techguns.t1_miner_leggings":7,"stat.drop.modularmachinery.blockoutputbus":1,"stat.craftItem.minecraft.stick":584,"stat.pickup.f0-resources.item_advanced_scanner":1,"stat.useItem.minecraft.stone_slab":29,"stat.useItem.immersiveengineering.wirecoil":104,"stat.craftItem.minecraft.stone":24,"stat.pickup.techguns.t1_miner_leggings":16,"stat.mineBlock.contenttweaker.filtercarbon1":1,"stat.mineBlock.minecraft.planks":87,"stat.drop":231,"stat.useItem.thermalfoundation.tool.sickle_steel":17,"stat.craftItem.minecraft.diamond_pickaxe":2,"stat.drop.rftools.coalgenerator":2,"stat.drop.minecraft.bread":8,"stat.pickup.techguns.t1_scout_leggings":8,"stat.craftItem.minecraft.piston":63,"stat.useItem.immersiveengineering.tool":5,"stat.pickup.minecraft.gravel":17,"stat.useItem.minecraft.diamond_axe":707,"stat.useItem.minecraft.apple":69,"stat.pickup.adpother.diamond_respirator":3,"stat.drop.mekanism.biofuel":3,"stat.useItem.immersiveengineering.metal_decoration2":2,"stat.useItem.immersiveengineering.metal_decoration1":6,"stat.useItem.immersiveengineering.metal_decoration0":5,"stat.craftItem.minecraft.bread":99,"stat.pickup.minecraft.spider_eye":47,"stat.pickup.minecraft.iron_ore":1075,"stat.craftItem.minecraft.flint_and_steel":1,"stat.pickup.minecraft.leaves":411,"stat.pickup.minecraft.leather":89,"stat.drop.minecraft.iron_hoe":2,"stat.mineBlock.immersiveengineering.conveyor":10,"stat.pickup.minecraft.reeds":34,"stat.craftItem.capsule.capsule":1,"stat.pickup.modularmachinery.blockcontroller":1,"stat.damageDealt":46247,"stat.useItem.techguns.sandbags":1,"stat.craftItem.minecraft.iron_sword":1,"stat.pickup.minecraft.piston":4,"stat.walkOneCm":3607606,"stat.pickup.minecraft.stick":3,"stat.pickup.techguns.t1_miner_boots":10,"stat.pickup.minecraft.clay_ball":27,"stat.drop.questbook.itemquestbook":1,"stat.drop.techguns.t1_miner_chestplate":2,"stat.drop.minecraft.diamond_axe":1,"stat.useItem.minecraft.redstone_block":4,"stat.drop.thermalfoundation.tool.hammer_diamond":1,"stat.pickup.f0-resources.item_ore_visualizer":3,"stat.pickup.minecraft.stone":7,"stat.craftItem.minecraft.redstone":1062,"stat.craftItem.adpother.iron_filter":17,"stat.useItem.immersiveengineering.treated_wood_slab":2,"stat.pickup.minecraft.gold_ingot":4,"stat.killEntity.Skeleton":1,"stat.mineBlock.modularmachinery.blockoutputbus":1,"stat.mineBlock.rftools.coalgenerator":4,"stat.pickup.mekanism.controlcircuit":4,"stat.killEntity.Spider":112,"stat.pickup.minecraft.bread":180,"stat.pickup.techguns.pistol":7,"stat.pickup.minecraft.concrete_powder":4,"stat.pickup.minecraft.quartz":3,"stat.pickup.minecraft.water_bucket":16,"stat.mineBlock.minecraft.leaves":1107,"stat.mineBlock.minecraft.piston":4,"stat.pickup.minecraft.lava_bucket":3,"stat.craftItem.minecraft.coal_block":451,"stat.craftItem.minecraft.brick":36,"stat.mineBlock.immersiveengineering.stone_decoration":1}