{
  "nameCache:9": {
    "0:10": {
      "name:8": "RAPTORU",
      "isOP:1": 0,
      "uuid:8": "55036cda-ed62-49b3-8bb5-f618e9fa054e"
    },
    "1:10": {
      "name:8": "_mIrAgEdayo_",
      "isOP:1": 0,
      "uuid:8": "e7c61206-26a0-43df-8c03-8db64cafa1f4"
    },
    "2:10": {
      "name:8": "kama6012",
      "isOP:1": 0,
      "uuid:8": "565d6422-4b44-4734-a22e-ca9ac6039ceb"
    },
    "3:10": {
      "name:8": "DenaryPainter67",
      "isOP:1": 0,
      "uuid:8": "3f300cde-6e9d-4d6a-9eab-f7152e785dea"
    },
    "4:10": {
      "name:8": "IamAkon",
      "isOP:1": 0,
      "uuid:8": "929335ed-d935-4c57-971e-6229f22546a9"
    },
    "5:10": {
      "name:8": "Futanaly",
      "isOP:1": 0,
      "uuid:8": "9f5733e5-4719-4d33-bc80-07ea5da20a9a"
    }
  }
}