{
  "parties:9": {
    "0:10": {
      "members:9": {
        "0:10": {
          "uuid:8": "55036cda-ed62-49b3-8bb5-f618e9fa054e",
          "status:8": "INVITE"
        },
        "1:10": {
          "uuid:8": "565d6422-4b44-4734-a22e-ca9ac6039ceb",
          "status:8": "OWNER"
        },
        "2:10": {
          "uuid:8": "3f300cde-6e9d-4d6a-9eab-f7152e785dea",
          "status:8": "INVITE"
        },
        "3:10": {
          "uuid:8": "929335ed-d935-4c57-971e-6229f22546a9",
          "status:8": "MEMBER"
        },
        "4:10": {
          "uuid:8": "9f5733e5-4719-4d33-bc80-07ea5da20a9a",
          "status:8": "MEMBER"
        }
      },
      "partyID:3": 0,
      "properties:10": {
        "betterquesting:10": {
          "partysinglereward:1": 0,
          "partysharelives:1": 0,
          "name:8": "Manufactorio"
        }
      }
    }
  }
}