<?xml version="1.0" encoding="UTF-8" standalone="no"?>
<galaxy>
    <star blackHole="false" name="Gol" numGasGiants="0" numPlanets="0" size="1.0" temp="100" x="0" y="0">
        <planet DIMID="0" dimMapping="" name="Neu-Minecraftia">
            <isKnown>true</isKnown>
            <fogColor>1.0,1.0,1.0</fogColor>
            <skyColor>1.0,1.0,1.0</skyColor>
            <gravitationalMultiplier>100</gravitationalMultiplier>
            <orbitalDistance>100</orbitalDistance>
            <orbitalTheta>0</orbitalTheta>
            <orbitalPhi>0</orbitalPhi>
            <avgTemperature>287</avgTemperature>
            <rotationalPeriod>24000</rotationalPeriod>
            <atmosphereDensity>100</atmosphereDensity>
            <generateCraters>false</generateCraters>
            <generateVolcanos>false</generateVolcanos>
            <generateStructures>false</generateStructures>
            <generateGeodes>false</generateGeodes>
            <planet DIMID="2" name="Primus">
                <isKnown>false</isKnown>
                <fogColor>1.0,1.0,1.0</fogColor>
                <skyColor>1.0,1.0,1.0</skyColor>
                <gravitationalMultiplier>32</gravitationalMultiplier>
                <orbitalDistance>150</orbitalDistance>
                <orbitalTheta>0</orbitalTheta>
                <orbitalPhi>0</orbitalPhi>
                <avgTemperature>208</avgTemperature>
                <rotationalPeriod>128000</rotationalPeriod>
                <atmosphereDensity>0</atmosphereDensity>
                <generateCraters>false</generateCraters>
                <generateVolcanos>false</generateVolcanos>
                <generateStructures>false</generateStructures>
                <generateGeodes>false</generateGeodes>
                <biomeIds>advancedrocketry:moon,advancedrocketry:moondark</biomeIds>
            </planet>
            <planet DIMID="3" customIcon="iceworld" name="Secunda">
                <isKnown>false</isKnown>
                <fogColor>1.0,1.0,1.0</fogColor>
                <skyColor>1.0,1.0,1.0</skyColor>
                <gravitationalMultiplier>16</gravitationalMultiplier>
                <orbitalDistance>200</orbitalDistance>
                <orbitalTheta>0</orbitalTheta>
                <orbitalPhi>5</orbitalPhi>
                <avgTemperature>180</avgTemperature>
                <rotationalPeriod>36000</rotationalPeriod>
                <atmosphereDensity>0</atmosphereDensity>
                <generateCraters>false</generateCraters>
                <generateVolcanos>false</generateVolcanos>
                <generateStructures>false</generateStructures>
                <generateGeodes>false</generateGeodes>
                <biomeIds>advancedrocketry:crystalchasms</biomeIds>
            </planet>
        </planet>
        <planet DIMID="4" name="Nauvis">
            <isKnown>true</isKnown>
            <hasRings>true</hasRings>
            <ringColor>0.4,0.4,0.7</ringColor>
            <fogColor>0.24,0.36,0.41</fogColor>
            <skyColor>0.24,0.36,0.41</skyColor>
            <gravitationalMultiplier>95</gravitationalMultiplier>
            <orbitalDistance>125</orbitalDistance>
            <orbitalTheta>0</orbitalTheta>
            <orbitalPhi>30</orbitalPhi>
            <avgTemperature>257</avgTemperature>
            <rotationalPeriod>20000</rotationalPeriod>
            <atmosphereDensity>100</atmosphereDensity>
            <generateCraters>false</generateCraters>
            <generateVolcanos>false</generateVolcanos>
            <generateStructures>false</generateStructures>
            <generateGeodes>false</generateGeodes>
            <biomeIds>minecraft:mesa,minecraft:mutated_mesa,minecraft:mesa_rock,minecraft:mutated_desert,minecraft:savanna</biomeIds>
        </planet>
        <planet DIMID="5" name="Gigantica">
            <isKnown>true</isKnown>
            <GasGiant>true</GasGiant>
            <gas>nitrogen</gas>
            <gas>hydrogen</gas>
            <gas>oxygen</gas>
            <fogColor>1.0,1.0,1.0</fogColor>
            <skyColor>1.0,1.0,1.0</skyColor>
            <gravitationalMultiplier>100</gravitationalMultiplier>
            <orbitalDistance>15</orbitalDistance>
            <orbitalTheta>0</orbitalTheta>
            <orbitalPhi>0</orbitalPhi>
            <avgTemperature>743</avgTemperature>
            <rotationalPeriod>24000</rotationalPeriod>
            <atmosphereDensity>100</atmosphereDensity>
            <generateCraters>false</generateCraters>
            <generateVolcanos>false</generateVolcanos>
            <generateStructures>false</generateStructures>
            <generateGeodes>false</generateGeodes>
            <planet DIMID="6" name="Sek">
                <isKnown>false</isKnown>
                <fogColor>1.0,1.0,1.0</fogColor>
                <skyColor>1.0,1.0,1.0</skyColor>
                <gravitationalMultiplier>50</gravitationalMultiplier>
                <orbitalDistance>15</orbitalDistance>
                <orbitalTheta>0</orbitalTheta>
                <orbitalPhi>1</orbitalPhi>
                <avgTemperature>743</avgTemperature>
                <rotationalPeriod>2400</rotationalPeriod>
                <atmosphereDensity>110</atmosphereDensity>
                <generateCraters>false</generateCraters>
                <generateVolcanos>false</generateVolcanos>
                <generateStructures>false</generateStructures>
                <generateGeodes>false</generateGeodes>
                <biomeIds>advancedrocketry:hotdryrock</biomeIds>
            </planet>
        </planet>
        <planet DIMID="7" name="Ahkmet">
            <isKnown>true</isKnown>
            <fogColor>1.0,1.0,1.0</fogColor>
            <skyColor>1.0,1.0,1.0</skyColor>
            <gravitationalMultiplier>90</gravitationalMultiplier>
            <orbitalDistance>70</orbitalDistance>
            <orbitalTheta>0</orbitalTheta>
            <orbitalPhi>2</orbitalPhi>
            <avgTemperature>344</avgTemperature>
            <rotationalPeriod>5832000</rotationalPeriod>
            <atmosphereDensity>175</atmosphereDensity>
            <generateCraters>false</generateCraters>
            <generateVolcanos>false</generateVolcanos>
            <generateStructures>false</generateStructures>
            <generateGeodes>false</generateGeodes>
            <biomeIds>minecraft:stone_beach,minecraft:hell,minecraft:ocean</biomeIds>
            <oceanBlock>minecraft:lava</oceanBlock>
            <fillerBlock>minecraft:netherrack</fillerBlock>
        </planet>
        <planet DIMID="8" name="Baynor">
            <isKnown>true</isKnown>
            <hasRings>true</hasRings>
            <ringColor>0.4,0.4,0.7</ringColor>
            <GasGiant>true</GasGiant>
            <gas>nitrogen</gas>
            <gas>hydrogen</gas>
            <gas>oxygen</gas>
            <fogColor>1.0,1.0,1.0</fogColor>
            <skyColor>1.0,1.0,1.0</skyColor>
            <gravitationalMultiplier>100</gravitationalMultiplier>
            <orbitalDistance>180</orbitalDistance>
            <orbitalTheta>0</orbitalTheta>
            <orbitalPhi>0</orbitalPhi>
            <avgTemperature>214</avgTemperature>
            <rotationalPeriod>24000</rotationalPeriod>
            <atmosphereDensity>100</atmosphereDensity>
            <generateCraters>false</generateCraters>
            <generateVolcanos>false</generateVolcanos>
            <generateStructures>false</generateStructures>
            <generateGeodes>false</generateGeodes>
            <planet DIMID="9" name="Precur">
                <isKnown>false</isKnown>
                <fogColor>1.0,1.0,1.0</fogColor>
                <skyColor>1.0,1.0,1.0</skyColor>
                <gravitationalMultiplier>50</gravitationalMultiplier>
                <orbitalDistance>15</orbitalDistance>
                <orbitalTheta>0</orbitalTheta>
                <orbitalPhi>0</orbitalPhi>
                <avgTemperature>660</avgTemperature>
                <rotationalPeriod>24000</rotationalPeriod>
                <atmosphereDensity>25</atmosphereDensity>
                <generateCraters>false</generateCraters>
                <generateVolcanos>false</generateVolcanos>
                <generateStructures>false</generateStructures>
                <generateGeodes>false</generateGeodes>
                <biomeIds>advancedrocketry:moon,advancedrocketry:moondark</biomeIds>
            </planet>
            <planet DIMID="10" name="Zanor">
                <isKnown>false</isKnown>
                <fogColor>0.03,0.05,0.06</fogColor>
                <skyColor>0.03,0.05,0.06</skyColor>
                <gravitationalMultiplier>60</gravitationalMultiplier>
                <orbitalDistance>30</orbitalDistance>
                <orbitalTheta>0</orbitalTheta>
                <orbitalPhi>0</orbitalPhi>
                <avgTemperature>467</avgTemperature>
                <rotationalPeriod>24000</rotationalPeriod>
                <atmosphereDensity>80</atmosphereDensity>
                <generateCraters>false</generateCraters>
                <generateVolcanos>false</generateVolcanos>
                <generateStructures>false</generateStructures>
                <generateGeodes>false</generateGeodes>
                <biomeIds>minecraft:mushroom_island</biomeIds>
            </planet>
            <planet DIMID="11" name="Ilnor">
                <isKnown>false</isKnown>
                <fogColor>0.03,0.05,0.06</fogColor>
                <skyColor>0.03,0.05,0.06</skyColor>
                <gravitationalMultiplier>70</gravitationalMultiplier>
                <orbitalDistance>60</orbitalDistance>
                <orbitalTheta>0</orbitalTheta>
                <orbitalPhi>0</orbitalPhi>
                <avgTemperature>330</avgTemperature>
                <rotationalPeriod>24000</rotationalPeriod>
                <atmosphereDensity>90</atmosphereDensity>
                <generateCraters>false</generateCraters>
                <generateVolcanos>false</generateVolcanos>
                <generateStructures>false</generateStructures>
                <generateGeodes>false</generateGeodes>
                <biomeIds>minecraft:mutated_savanna_rock,advancedrocketry:oceanspires,minecraft:savanna_rock,minecraft:mutated_jungle,minecraft:mutated_savanna</biomeIds>
            </planet>
            <planet DIMID="12" name="Kalnor">
                <isKnown>false</isKnown>
                <fogColor>1.0,1.0,1.0</fogColor>
                <skyColor>1.0,1.0,1.0</skyColor>
                <gravitationalMultiplier>50</gravitationalMultiplier>
                <orbitalDistance>120</orbitalDistance>
                <orbitalTheta>0</orbitalTheta>
                <orbitalPhi>0</orbitalPhi>
                <avgTemperature>233</avgTemperature>
                <rotationalPeriod>24000</rotationalPeriod>
                <atmosphereDensity>0</atmosphereDensity>
                <generateCraters>false</generateCraters>
                <generateVolcanos>false</generateVolcanos>
                <generateStructures>false</generateStructures>
                <generateGeodes>false</generateGeodes>
                <biomeIds>advancedrocketry:moon,advancedrocketry:moondark</biomeIds>
            </planet>
        </planet>
    </star>
    <star blackHole="false" name="Anakardian" numGasGiants="0" numPlanets="0" size="0.8" temp="71" x="50" y="120">
        <planet DIMID="16" name="Nioavellir (16)">
            <isKnown>false</isKnown>
            <fogColor>0.14,0.2,0.11</fogColor>
            <skyColor>0.14,0.2,0.11</skyColor>
            <gravitationalMultiplier>23</gravitationalMultiplier>
            <orbitalDistance>161</orbitalDistance>
            <orbitalTheta>0</orbitalTheta>
            <orbitalPhi>0</orbitalPhi>
            <avgTemperature>128</avgTemperature>
            <rotationalPeriod>24000</rotationalPeriod>
            <atmosphereDensity>75</atmosphereDensity>
            <generateCraters>false</generateCraters>
            <generateVolcanos>false</generateVolcanos>
            <generateStructures>false</generateStructures>
            <generateGeodes>false</generateGeodes>
            <biomeIds>minecraft:sky</biomeIds>
            <fillerBlock>minecraft:end_stone</fillerBlock>
        </planet>
        <planet DIMID="17" name="Gryttr">
            <isKnown>true</isKnown>
            <fogColor>1.0,1.0,1.0</fogColor>
            <skyColor>1.0,1.0,1.0</skyColor>
            <gravitationalMultiplier>45</gravitationalMultiplier>
            <orbitalDistance>189</orbitalDistance>
            <orbitalTheta>0</orbitalTheta>
            <orbitalPhi>0</orbitalPhi>
            <avgTemperature>118</avgTemperature>
            <rotationalPeriod>24000</rotationalPeriod>
            <atmosphereDensity>0</atmosphereDensity>
            <generateCraters>false</generateCraters>
            <generateVolcanos>false</generateVolcanos>
            <generateStructures>false</generateStructures>
            <generateGeodes>false</generateGeodes>
            <biomeIds>advancedrocketry:moon,advancedrocketry:moondark</biomeIds>
        </planet>
        <planet DIMID="18" name="Ginnungagap (18)">
            <isKnown>true</isKnown>
            <fogColor>0.01,0.1,0.05</fogColor>
            <skyColor>0.01,0.1,0.05</skyColor>
            <gravitationalMultiplier>200</gravitationalMultiplier>
            <orbitalDistance>200</orbitalDistance>
            <orbitalTheta>0</orbitalTheta>
            <orbitalPhi>0</orbitalPhi>
            <avgTemperature>129</avgTemperature>
            <rotationalPeriod>24000</rotationalPeriod>
            <atmosphereDensity>115</atmosphereDensity>
            <generateCraters>false</generateCraters>
            <generateVolcanos>false</generateVolcanos>
            <generateStructures>false</generateStructures>
            <generateGeodes>false</generateGeodes>
            <biomeIds>minecraft:mutated_savanna,minecraft:deep_ocean</biomeIds>
            <planet DIMID="19" name="Bjarg">
                <isKnown>true</isKnown>
                <fogColor>1.0,1.0,1.0</fogColor>
                <skyColor>1.0,1.0,1.0</skyColor>
                <gravitationalMultiplier>48</gravitationalMultiplier>
                <orbitalDistance>170</orbitalDistance>
                <orbitalTheta>0</orbitalTheta>
                <orbitalPhi>0</orbitalPhi>
                <avgTemperature>124</avgTemperature>
                <rotationalPeriod>24000</rotationalPeriod>
                <atmosphereDensity>1</atmosphereDensity>
                <generateCraters>false</generateCraters>
                <generateVolcanos>false</generateVolcanos>
                <generateStructures>false</generateStructures>
                <generateGeodes>false</generateGeodes>
                <biomeIds>advancedrocketry:moon,advancedrocketry:moondark</biomeIds>
            </planet>
        </planet>
        <planet DIMID="13" name="Muspelheim (13)">
            <isKnown>true</isKnown>
            <fogColor>0.95,0.48,0.22</fogColor>
            <skyColor>0.91,0.53,0.55</skyColor>
            <gravitationalMultiplier>90</gravitationalMultiplier>
            <orbitalDistance>27</orbitalDistance>
            <orbitalTheta>0</orbitalTheta>
            <orbitalPhi>0</orbitalPhi>
            <avgTemperature>351</avgTemperature>
            <rotationalPeriod>24000</rotationalPeriod>
            <atmosphereDensity>150</atmosphereDensity>
            <generateCraters>false</generateCraters>
            <generateVolcanos>false</generateVolcanos>
            <generateStructures>false</generateStructures>
            <generateGeodes>false</generateGeodes>
            <biomeIds>minecraft:stone_beach,minecraft:hell,minecraft:ocean</biomeIds>
            <oceanBlock>thermalfoundation:fluid_pyrotheum</oceanBlock>
            <fillerBlock>minecraft:netherrack</fillerBlock>
        </planet>
        <planet DIMID="14" name="Niflheim (14)">
            <isKnown>true</isKnown>
            <fogColor>0.28,0.39,0.22</fogColor>
            <skyColor>0.28,0.39,0.22</skyColor>
            <gravitationalMultiplier>100</gravitationalMultiplier>
            <orbitalDistance>127</orbitalDistance>
            <orbitalTheta>0</orbitalTheta>
            <orbitalPhi>0</orbitalPhi>
            <avgTemperature>192</avgTemperature>
            <rotationalPeriod>24000</rotationalPeriod>
            <atmosphereDensity>200</atmosphereDensity>
            <generateCraters>false</generateCraters>
            <generateVolcanos>false</generateVolcanos>
            <generateStructures>false</generateStructures>
            <generateGeodes>false</generateGeodes>
            <biomeIds>minecraft:mutated_ice_flats,minecraft:frozen_ocean,minecraft:frozen_river</biomeIds>
            <planet DIMID="15" name="Steinn">
                <isKnown>true</isKnown>
                <fogColor>1.0,1.0,1.0</fogColor>
                <skyColor>1.0,1.0,1.0</skyColor>
                <gravitationalMultiplier>33</gravitationalMultiplier>
                <orbitalDistance>137</orbitalDistance>
                <orbitalTheta>0</orbitalTheta>
                <orbitalPhi>0</orbitalPhi>
                <avgTemperature>138</avgTemperature>
                <rotationalPeriod>24000</rotationalPeriod>
                <atmosphereDensity>0</atmosphereDensity>
                <generateCraters>false</generateCraters>
                <generateVolcanos>false</generateVolcanos>
                <generateStructures>false</generateStructures>
                <generateGeodes>false</generateGeodes>
                <biomeIds>advancedrocketry:moon,advancedrocketry:moondark</biomeIds>
            </planet>
            <oceanBlock>thermalfoundation:fluid_cryotheum</oceanBlock>
        </planet>
    </star>
    <star blackHole="false" name="System 2" numGasGiants="0" numPlanets="0" size="0.5" temp="38" x="150" y="-60">
        <planet DIMID="20" name="S2-P1">
            <isKnown>true</isKnown>
            <fogColor>0.92,0.53,0.53</fogColor>
            <skyColor>0.92,0.53,0.53</skyColor>
            <gravitationalMultiplier>48</gravitationalMultiplier>
            <orbitalDistance>60</orbitalDistance>
            <orbitalTheta>0</orbitalTheta>
            <orbitalPhi>0</orbitalPhi>
            <avgTemperature>88</avgTemperature>
            <rotationalPeriod>24000</rotationalPeriod>
            <atmosphereDensity>80</atmosphereDensity>
            <generateCraters>false</generateCraters>
            <generateVolcanos>false</generateVolcanos>
            <generateStructures>false</generateStructures>
            <generateGeodes>false</generateGeodes>
            <biomeIds>minecraft:roofed_forest,minecraft:mutated_extreme_hills,minecraft:mutated_birch_forest,minecraft:mushroom_island_shore,minecraft:savanna</biomeIds>
            <planet DIMID="21" name="S2-P1-M1">
                <isKnown>true</isKnown>
                <fogColor>1.0,1.0,1.0</fogColor>
                <skyColor>1.0,1.0,1.0</skyColor>
                <gravitationalMultiplier>13</gravitationalMultiplier>
                <orbitalDistance>128</orbitalDistance>
                <orbitalTheta>0</orbitalTheta>
                <orbitalPhi>0</orbitalPhi>
                <avgTemperature>60</avgTemperature>
                <rotationalPeriod>24000</rotationalPeriod>
                <atmosphereDensity>12</atmosphereDensity>
                <generateCraters>false</generateCraters>
                <generateVolcanos>false</generateVolcanos>
                <generateStructures>false</generateStructures>
                <generateGeodes>false</generateGeodes>
                <biomeIds>advancedrocketry:moon,advancedrocketry:moondark</biomeIds>
            </planet>
        </planet>
        <planet DIMID="22" name="S2-P2">
            <isKnown>true</isKnown>
            <fogColor>1.0,1.0,1.0</fogColor>
            <skyColor>1.0,1.0,1.0</skyColor>
            <gravitationalMultiplier>138</gravitationalMultiplier>
            <orbitalDistance>180</orbitalDistance>
            <orbitalTheta>0</orbitalTheta>
            <orbitalPhi>0</orbitalPhi>
            <avgTemperature>51</avgTemperature>
            <rotationalPeriod>24000</rotationalPeriod>
            <atmosphereDensity>4</atmosphereDensity>
            <generateCraters>false</generateCraters>
            <generateVolcanos>false</generateVolcanos>
            <generateStructures>false</generateStructures>
            <generateGeodes>false</generateGeodes>
            <biomeIds>advancedrocketry:moon,advancedrocketry:moondark</biomeIds>
            <planet DIMID="23" name="S2-P2-M1">
                <isKnown>true</isKnown>
                <fogColor>1.0,1.0,1.0</fogColor>
                <skyColor>1.0,1.0,1.0</skyColor>
                <gravitationalMultiplier>23</gravitationalMultiplier>
                <orbitalDistance>97</orbitalDistance>
                <orbitalTheta>0</orbitalTheta>
                <orbitalPhi>0</orbitalPhi>
                <avgTemperature>69</avgTemperature>
                <rotationalPeriod>24000</rotationalPeriod>
                <atmosphereDensity>0</atmosphereDensity>
                <generateCraters>false</generateCraters>
                <generateVolcanos>false</generateVolcanos>
                <generateStructures>false</generateStructures>
                <generateGeodes>false</generateGeodes>
                <biomeIds>advancedrocketry:moon,advancedrocketry:moondark</biomeIds>
            </planet>
        </planet>
        <planet DIMID="24" name="S2-P3">
            <isKnown>true</isKnown>
            <fogColor>1.0,1.0,1.0</fogColor>
            <skyColor>1.0,1.0,1.0</skyColor>
            <gravitationalMultiplier>27</gravitationalMultiplier>
            <orbitalDistance>189</orbitalDistance>
            <orbitalTheta>0</orbitalTheta>
            <orbitalPhi>0</orbitalPhi>
            <avgTemperature>50</avgTemperature>
            <rotationalPeriod>24000</rotationalPeriod>
            <atmosphereDensity>0</atmosphereDensity>
            <generateCraters>false</generateCraters>
            <generateVolcanos>false</generateVolcanos>
            <generateStructures>false</generateStructures>
            <generateGeodes>false</generateGeodes>
            <biomeIds>advancedrocketry:moon,advancedrocketry:moondark</biomeIds>
        </planet>
        <planet DIMID="25" name="S2-P4">
            <isKnown>true</isKnown>
            <fogColor>0.03,0.01,0.01</fogColor>
            <skyColor>0.03,0.01,0.01</skyColor>
            <gravitationalMultiplier>50</gravitationalMultiplier>
            <orbitalDistance>198</orbitalDistance>
            <orbitalTheta>0</orbitalTheta>
            <orbitalPhi>0</orbitalPhi>
            <avgTemperature>54</avgTemperature>
            <rotationalPeriod>24000</rotationalPeriod>
            <atmosphereDensity>144</atmosphereDensity>
            <generateCraters>false</generateCraters>
            <generateVolcanos>false</generateVolcanos>
            <generateStructures>false</generateStructures>
            <generateGeodes>false</generateGeodes>
            <biomeIds>minecraft:desert_hills,minecraft:mutated_birch_forest,minecraft:jungle,minecraft:ocean,minecraft:jungle_hills</biomeIds>
            <planet DIMID="26" name="S2-P4-M1">
                <isKnown>true</isKnown>
                <fogColor>0.02,0.01,0.01</fogColor>
                <skyColor>0.02,0.01,0.01</skyColor>
                <gravitationalMultiplier>25</gravitationalMultiplier>
                <orbitalDistance>155</orbitalDistance>
                <orbitalTheta>0</orbitalTheta>
                <orbitalPhi>0</orbitalPhi>
                <avgTemperature>62</avgTemperature>
                <rotationalPeriod>24000</rotationalPeriod>
                <atmosphereDensity>100</atmosphereDensity>
                <generateCraters>false</generateCraters>
                <generateVolcanos>false</generateVolcanos>
                <generateStructures>false</generateStructures>
                <generateGeodes>false</generateGeodes>
                <biomeIds>advancedrocketry:volcanicbarren,minecraft:forest_hills,minecraft:mutated_savanna_rock,minecraft:jungle,minecraft:mutated_savanna</biomeIds>
            </planet>
        </planet>
    </star>
    <star blackHole="false" name="Bigyihsuan" numGasGiants="0" numPlanets="0" size="1.4" temp="112" x="-54" y="48">
        <planet DIMID="35" name="Thesulia">
            <isKnown>true</isKnown>
            <fogColor>0.09,0.09,0.16</fogColor>
            <skyColor>0.09,0.09,0.16</skyColor>
            <gravitationalMultiplier>153</gravitationalMultiplier>
            <orbitalDistance>172</orbitalDistance>
            <orbitalTheta>0</orbitalTheta>
            <orbitalPhi>0</orbitalPhi>
            <avgTemperature>290</avgTemperature>
            <rotationalPeriod>24000</rotationalPeriod>
            <atmosphereDensity>124</atmosphereDensity>
            <generateCraters>false</generateCraters>
            <generateVolcanos>false</generateVolcanos>
            <generateStructures>false</generateStructures>
            <generateGeodes>false</generateGeodes>
            <biomeIds>minecraft:roofed_forest,minecraft:mutated_roofed_forest,minecraft:ocean,minecraft:savanna_rock,minecraft:mutated_jungle_edge</biomeIds>
            <planet DIMID="36" name="Brogana">
                <isKnown>true</isKnown>
                <fogColor>1.0,1.0,1.0</fogColor>
                <skyColor>1.0,1.0,1.0</skyColor>
                <gravitationalMultiplier>65</gravitationalMultiplier>
                <orbitalDistance>178</orbitalDistance>
                <orbitalTheta>0</orbitalTheta>
                <orbitalPhi>0</orbitalPhi>
                <avgTemperature>254</avgTemperature>
                <rotationalPeriod>24000</rotationalPeriod>
                <atmosphereDensity>0</atmosphereDensity>
                <generateCraters>false</generateCraters>
                <generateVolcanos>false</generateVolcanos>
                <generateStructures>false</generateStructures>
                <generateGeodes>false</generateGeodes>
                <biomeIds>advancedrocketry:moon,advancedrocketry:moondark</biomeIds>
            </planet>
        </planet>
        <planet DIMID="37" name="Oedipus">
            <isKnown>true</isKnown>
            <fogColor>0.03,0.03,0.06</fogColor>
            <skyColor>0.03,0.03,0.06</skyColor>
            <gravitationalMultiplier>75</gravitationalMultiplier>
            <orbitalDistance>199</orbitalDistance>
            <orbitalTheta>0</orbitalTheta>
            <orbitalPhi>0</orbitalPhi>
            <avgTemperature>270</avgTemperature>
            <rotationalPeriod>24000</rotationalPeriod>
            <atmosphereDensity>137</atmosphereDensity>
            <generateCraters>false</generateCraters>
            <generateVolcanos>false</generateVolcanos>
            <generateStructures>false</generateStructures>
            <generateGeodes>false</generateGeodes>
            <biomeIds>minecraft:mushroom_island</biomeIds>
            <planet DIMID="38" name="Damara">
                <isKnown>true</isKnown>
                <fogColor>1.0,1.0,1.0</fogColor>
                <skyColor>1.0,1.0,1.0</skyColor>
                <gravitationalMultiplier>37</gravitationalMultiplier>
                <orbitalDistance>169</orbitalDistance>
                <orbitalTheta>0</orbitalTheta>
                <orbitalPhi>0</orbitalPhi>
                <avgTemperature>260</avgTemperature>
                <rotationalPeriod>24000</rotationalPeriod>
                <atmosphereDensity>16</atmosphereDensity>
                <generateCraters>false</generateCraters>
                <generateVolcanos>false</generateVolcanos>
                <generateStructures>false</generateStructures>
                <generateGeodes>false</generateGeodes>
                <biomeIds>advancedrocketry:moon,advancedrocketry:moondark</biomeIds>
            </planet>
        </planet>
        <planet DIMID="29" name="Falius">
            <isKnown>true</isKnown>
            <GasGiant>true</GasGiant>
            <gas>nitrogen</gas>
            <gas>hydrogen</gas>
            <gas>oxygen</gas>
            <fogColor>1.0,1.0,1.0</fogColor>
            <skyColor>1.0,1.0,1.0</skyColor>
            <gravitationalMultiplier>173</gravitationalMultiplier>
            <orbitalDistance>84</orbitalDistance>
            <orbitalTheta>0</orbitalTheta>
            <orbitalPhi>0</orbitalPhi>
            <avgTemperature>494</avgTemperature>
            <rotationalPeriod>24000</rotationalPeriod>
            <atmosphereDensity>200</atmosphereDensity>
            <generateCraters>false</generateCraters>
            <generateVolcanos>false</generateVolcanos>
            <generateStructures>false</generateStructures>
            <generateGeodes>false</generateGeodes>
            <planet DIMID="32" name="Karbo (32)">
                <isKnown>true</isKnown>
                <fogColor>0.19,0.19,0.19</fogColor>
                <skyColor>0.25,0.25,0.25</skyColor>
                <gravitationalMultiplier>32</gravitationalMultiplier>
                <orbitalDistance>91</orbitalDistance>
                <orbitalTheta>0</orbitalTheta>
                <orbitalPhi>0</orbitalPhi>
                <avgTemperature>399</avgTemperature>
                <rotationalPeriod>24000</rotationalPeriod>
                <atmosphereDensity>150</atmosphereDensity>
                <generateCraters>false</generateCraters>
                <generateVolcanos>false</generateVolcanos>
                <generateStructures>false</generateStructures>
                <generateGeodes>false</generateGeodes>
                <biomeIds>advancedrocketry:stormland,minecraft:river</biomeIds>
                <oceanBlock>immersivepetroleum:fluid_crude_oil</oceanBlock>
            </planet>
            <planet DIMID="33" name="Stagni (33)">
                <isKnown>true</isKnown>
                <fogColor>0.59,0.72,0.86</fogColor>
                <skyColor>0.78,0.92,1.0</skyColor>
                <gravitationalMultiplier>85</gravitationalMultiplier>
                <orbitalDistance>108</orbitalDistance>
                <orbitalTheta>0</orbitalTheta>
                <orbitalPhi>0</orbitalPhi>
                <avgTemperature>367</avgTemperature>
                <rotationalPeriod>24000</rotationalPeriod>
                <atmosphereDensity>100</atmosphereDensity>
                <generateCraters>false</generateCraters>
                <generateVolcanos>false</generateVolcanos>
                <generateStructures>false</generateStructures>
                <generateGeodes>false</generateGeodes>
                <biomeIds>minecraft:extreme_hills,minecraft:river</biomeIds>
                <oceanBlock>thermalfoundation:fluid_petrotheum</oceanBlock>
                <fillerBlock>magneticraft:limestone</fillerBlock>
            </planet>
            <planet DIMID="34" name="Aurus (34)">
                <isKnown>true</isKnown>
                <fogColor>0.91,0.64,0.15</fogColor>
                <skyColor>0.92,0.87,0.27</skyColor>
                <gravitationalMultiplier>71</gravitationalMultiplier>
                <orbitalDistance>130</orbitalDistance>
                <orbitalTheta>0</orbitalTheta>
                <orbitalPhi>0</orbitalPhi>
                <avgTemperature>334</avgTemperature>
                <rotationalPeriod>24000</rotationalPeriod>
                <atmosphereDensity>100</atmosphereDensity>
                <generateCraters>false</generateCraters>
                <generateVolcanos>false</generateVolcanos>
                <generateStructures>false</generateStructures>
                <generateGeodes>false</generateGeodes>
                <biomeIds>minecraft:extreme_hills,minecraft:river</biomeIds>
                <oceanBlock>thermalfoundation:fluid_petrotheum</oceanBlock>
                <fillerBlock>magneticraft:limestone</fillerBlock>
            </planet>
            <planet DIMID="30" name="Ferron (30)">
                <isKnown>true</isKnown>
                <fogColor>0.46,0.37,0.31</fogColor>
                <skyColor>0.79,0.64,0.54</skyColor>
                <gravitationalMultiplier>98</gravitationalMultiplier>
                <orbitalDistance>43</orbitalDistance>
                <orbitalTheta>0</orbitalTheta>
                <orbitalPhi>0</orbitalPhi>
                <avgTemperature>581</avgTemperature>
                <rotationalPeriod>24000</rotationalPeriod>
                <atmosphereDensity>150</atmosphereDensity>
                <generateCraters>false</generateCraters>
                <generateVolcanos>false</generateVolcanos>
                <generateStructures>false</generateStructures>
                <generateGeodes>false</generateGeodes>
                <biomeIds>minecraft:extreme_hills,minecraft:river</biomeIds>
                <oceanBlock>thermalfoundation:fluid_petrotheum</oceanBlock>
                <fillerBlock>magneticraft:limestone</fillerBlock>
            </planet>
            <planet DIMID="31" name="Cupra (31)">
                <isKnown>true</isKnown>
                <fogColor>0.96,0.32,0.03</fogColor>
                <skyColor>0.96,0.58,0.18</skyColor>
                <gravitationalMultiplier>29</gravitationalMultiplier>
                <orbitalDistance>70</orbitalDistance>
                <orbitalTheta>0</orbitalTheta>
                <orbitalPhi>0</orbitalPhi>
                <avgTemperature>455</avgTemperature>
                <rotationalPeriod>24000</rotationalPeriod>
                <atmosphereDensity>100</atmosphereDensity>
                <generateCraters>false</generateCraters>
                <generateVolcanos>false</generateVolcanos>
                <generateStructures>false</generateStructures>
                <generateGeodes>false</generateGeodes>
                <biomeIds>minecraft:extreme_hills,minecraft:river</biomeIds>
                <oceanBlock>thermalfoundation:fluid_petrotheum</oceanBlock>
                <fillerBlock>magneticraft:limestone</fillerBlock>
            </planet>
        </planet>
    </star>
    <star blackHole="false" name="System 4" numGasGiants="0" numPlanets="0" size="5.7" temp="115" x="162" y="67">
        <planet DIMID="40" name="S4-P1">
            <isKnown>true</isKnown>
            <fogColor>1.0,1.0,1.0</fogColor>
            <skyColor>1.0,1.0,1.0</skyColor>
            <gravitationalMultiplier>16</gravitationalMultiplier>
            <orbitalDistance>67</orbitalDistance>
            <orbitalTheta>0</orbitalTheta>
            <orbitalPhi>0</orbitalPhi>
            <avgTemperature>858</avgTemperature>
            <rotationalPeriod>24000</rotationalPeriod>
            <atmosphereDensity>0</atmosphereDensity>
            <generateCraters>false</generateCraters>
            <generateVolcanos>false</generateVolcanos>
            <generateStructures>false</generateStructures>
            <generateGeodes>false</generateGeodes>
            <biomeIds>advancedrocketry:moon,advancedrocketry:moondark</biomeIds>
        </planet>
        <planet DIMID="41" name="S4-P2">
            <isKnown>true</isKnown>
            <fogColor>1.0,1.0,1.0</fogColor>
            <skyColor>1.0,1.0,1.0</skyColor>
            <gravitationalMultiplier>127</gravitationalMultiplier>
            <orbitalDistance>143</orbitalDistance>
            <orbitalTheta>0</orbitalTheta>
            <orbitalPhi>0</orbitalPhi>
            <avgTemperature>587</avgTemperature>
            <rotationalPeriod>24000</rotationalPeriod>
            <atmosphereDensity>0</atmosphereDensity>
            <generateCraters>false</generateCraters>
            <generateVolcanos>false</generateVolcanos>
            <generateStructures>false</generateStructures>
            <generateGeodes>false</generateGeodes>
            <biomeIds>advancedrocketry:moon,advancedrocketry:moondark</biomeIds>
        </planet>
        <planet DIMID="42" name="S4-P3">
            <isKnown>true</isKnown>
            <fogColor>1.0,1.0,1.0</fogColor>
            <skyColor>1.0,1.0,1.0</skyColor>
            <gravitationalMultiplier>77</gravitationalMultiplier>
            <orbitalDistance>152</orbitalDistance>
            <orbitalTheta>0</orbitalTheta>
            <orbitalPhi>0</orbitalPhi>
            <avgTemperature>569</avgTemperature>
            <rotationalPeriod>24000</rotationalPeriod>
            <atmosphereDensity>0</atmosphereDensity>
            <generateCraters>false</generateCraters>
            <generateVolcanos>false</generateVolcanos>
            <generateStructures>false</generateStructures>
            <generateGeodes>false</generateGeodes>
            <biomeIds>advancedrocketry:moon,advancedrocketry:moondark</biomeIds>
        </planet>
        <planet DIMID="43" name="S4-P4">
            <isKnown>true</isKnown>
            <fogColor>1.0,1.0,1.0</fogColor>
            <skyColor>1.0,1.0,1.0</skyColor>
            <gravitationalMultiplier>76</gravitationalMultiplier>
            <orbitalDistance>190</orbitalDistance>
            <orbitalTheta>0</orbitalTheta>
            <orbitalPhi>0</orbitalPhi>
            <avgTemperature>509</avgTemperature>
            <rotationalPeriod>24000</rotationalPeriod>
            <atmosphereDensity>0</atmosphereDensity>
            <generateCraters>false</generateCraters>
            <generateVolcanos>false</generateVolcanos>
            <generateStructures>false</generateStructures>
            <generateGeodes>false</generateGeodes>
            <biomeIds>advancedrocketry:moon,advancedrocketry:moondark</biomeIds>
            <planet DIMID="44" name="S4-P4-M1">
                <isKnown>true</isKnown>
                <fogColor>1.0,1.0,1.0</fogColor>
                <skyColor>1.0,1.0,1.0</skyColor>
                <gravitationalMultiplier>17</gravitationalMultiplier>
                <orbitalDistance>11</orbitalDistance>
                <orbitalTheta>0</orbitalTheta>
                <orbitalPhi>0</orbitalPhi>
                <avgTemperature>2117</avgTemperature>
                <rotationalPeriod>24000</rotationalPeriod>
                <atmosphereDensity>0</atmosphereDensity>
                <generateCraters>false</generateCraters>
                <generateVolcanos>false</generateVolcanos>
                <generateStructures>false</generateStructures>
                <generateGeodes>false</generateGeodes>
                <biomeIds>advancedrocketry:moon,advancedrocketry:moondark</biomeIds>
            </planet>
            <planet DIMID="45" name="S4-P4-M2">
                <isKnown>true</isKnown>
                <fogColor>1.0,1.0,1.0</fogColor>
                <skyColor>1.0,1.0,1.0</skyColor>
                <gravitationalMultiplier>22</gravitationalMultiplier>
                <orbitalDistance>20</orbitalDistance>
                <orbitalTheta>0</orbitalTheta>
                <orbitalPhi>0</orbitalPhi>
                <avgTemperature>1570</avgTemperature>
                <rotationalPeriod>24000</rotationalPeriod>
                <atmosphereDensity>0</atmosphereDensity>
                <generateCraters>false</generateCraters>
                <generateVolcanos>false</generateVolcanos>
                <generateStructures>false</generateStructures>
                <generateGeodes>false</generateGeodes>
                <biomeIds>advancedrocketry:moon,advancedrocketry:moondark</biomeIds>
            </planet>
            <planet DIMID="46" name="S4-P4-M3">
                <isKnown>true</isKnown>
                <fogColor>1.0,1.0,1.0</fogColor>
                <skyColor>1.0,1.0,1.0</skyColor>
                <gravitationalMultiplier>46</gravitationalMultiplier>
                <orbitalDistance>90</orbitalDistance>
                <orbitalTheta>0</orbitalTheta>
                <orbitalPhi>0</orbitalPhi>
                <avgTemperature>740</avgTemperature>
                <rotationalPeriod>24000</rotationalPeriod>
                <atmosphereDensity>0</atmosphereDensity>
                <generateCraters>false</generateCraters>
                <generateVolcanos>false</generateVolcanos>
                <generateStructures>false</generateStructures>
                <generateGeodes>false</generateGeodes>
                <biomeIds>advancedrocketry:moon,advancedrocketry:moondark</biomeIds>
            </planet>
        </planet>
        <planet DIMID="47" name="S4-P5">
            <isKnown>true</isKnown>
            <GasGiant>true</GasGiant>
            <gas>nitrogen</gas>
            <gas>hydrogen</gas>
            <gas>oxygen</gas>
            <fogColor>1.0,1.0,1.0</fogColor>
            <skyColor>1.0,1.0,1.0</skyColor>
            <gravitationalMultiplier>195</gravitationalMultiplier>
            <orbitalDistance>194</orbitalDistance>
            <orbitalTheta>0</orbitalTheta>
            <orbitalPhi>0</orbitalPhi>
            <avgTemperature>674</avgTemperature>
            <rotationalPeriod>24000</rotationalPeriod>
            <atmosphereDensity>200</atmosphereDensity>
            <generateCraters>false</generateCraters>
            <generateVolcanos>false</generateVolcanos>
            <generateStructures>false</generateStructures>
            <generateGeodes>false</generateGeodes>
            <planet DIMID="48" name="S4-P5-M1">
                <isKnown>true</isKnown>
                <fogColor>0.53,0.56,0.92</fogColor>
                <skyColor>0.53,0.56,0.92</skyColor>
                <gravitationalMultiplier>90</gravitationalMultiplier>
                <orbitalDistance>101</orbitalDistance>
                <orbitalTheta>0</orbitalTheta>
                <orbitalPhi>0</orbitalPhi>
                <avgTemperature>698</avgTemperature>
                <rotationalPeriod>24000</rotationalPeriod>
                <atmosphereDensity>95</atmosphereDensity>
                <generateCraters>false</generateCraters>
                <generateVolcanos>false</generateVolcanos>
                <generateStructures>false</generateStructures>
                <generateGeodes>false</generateGeodes>
                <biomeIds>advancedrocketry:hotdryrock,advancedrocketry:volcanic,advancedrocketry:volcanicbarren</biomeIds>
            </planet>
        </planet>
    </star>
    <star blackHole="false" name="System 5" numGasGiants="0" numPlanets="0" size="10.0" temp="43" x="-188" y="-143">
        <planet DIMID="49" name="S5-P1">
            <isKnown>true</isKnown>
            <fogColor>1.0,1.0,1.0</fogColor>
            <skyColor>1.0,1.0,1.0</skyColor>
            <gravitationalMultiplier>126</gravitationalMultiplier>
            <orbitalDistance>125</orbitalDistance>
            <orbitalTheta>0</orbitalTheta>
            <orbitalPhi>0</orbitalPhi>
            <avgTemperature>311</avgTemperature>
            <rotationalPeriod>24000</rotationalPeriod>
            <atmosphereDensity>0</atmosphereDensity>
            <generateCraters>false</generateCraters>
            <generateVolcanos>false</generateVolcanos>
            <generateStructures>false</generateStructures>
            <generateGeodes>false</generateGeodes>
            <biomeIds>advancedrocketry:moon,advancedrocketry:moondark</biomeIds>
            <planet DIMID="50" name="S5-P2">
                <isKnown>true</isKnown>
                <fogColor>1.0,1.0,1.0</fogColor>
                <skyColor>1.0,1.0,1.0</skyColor>
                <gravitationalMultiplier>81</gravitationalMultiplier>
                <orbitalDistance>40</orbitalDistance>
                <orbitalTheta>0</orbitalTheta>
                <orbitalPhi>0</orbitalPhi>
                <avgTemperature>550</avgTemperature>
                <rotationalPeriod>24000</rotationalPeriod>
                <atmosphereDensity>0</atmosphereDensity>
                <generateCraters>false</generateCraters>
                <generateVolcanos>false</generateVolcanos>
                <generateStructures>false</generateStructures>
                <generateGeodes>false</generateGeodes>
                <biomeIds>advancedrocketry:moon,advancedrocketry:moondark</biomeIds>
            </planet>
        </planet>
        <planet DIMID="51" name="S5-P2">
            <isKnown>true</isKnown>
            <fogColor>1.0,1.0,1.0</fogColor>
            <skyColor>1.0,1.0,1.0</skyColor>
            <gravitationalMultiplier>38</gravitationalMultiplier>
            <orbitalDistance>134</orbitalDistance>
            <orbitalTheta>0</orbitalTheta>
            <orbitalPhi>0</orbitalPhi>
            <avgTemperature>300</avgTemperature>
            <rotationalPeriod>24000</rotationalPeriod>
            <atmosphereDensity>0</atmosphereDensity>
            <generateCraters>false</generateCraters>
            <generateVolcanos>false</generateVolcanos>
            <generateStructures>false</generateStructures>
            <generateGeodes>false</generateGeodes>
            <biomeIds>advancedrocketry:moon,advancedrocketry:moondark</biomeIds>
        </planet>
        <planet DIMID="52" name="S5-P3">
            <isKnown>true</isKnown>
            <fogColor>1.0,1.0,1.0</fogColor>
            <skyColor>1.0,1.0,1.0</skyColor>
            <gravitationalMultiplier>24</gravitationalMultiplier>
            <orbitalDistance>176</orbitalDistance>
            <orbitalTheta>0</orbitalTheta>
            <orbitalPhi>0</orbitalPhi>
            <avgTemperature>262</avgTemperature>
            <rotationalPeriod>24000</rotationalPeriod>
            <atmosphereDensity>0</atmosphereDensity>
            <generateCraters>false</generateCraters>
            <generateVolcanos>false</generateVolcanos>
            <generateStructures>false</generateStructures>
            <generateGeodes>false</generateGeodes>
            <biomeIds>advancedrocketry:moon,advancedrocketry:moondark</biomeIds>
        </planet>
        <planet DIMID="53" name="S5-P4">
            <isKnown>true</isKnown>
            <fogColor>0.04,0.02,0.02</fogColor>
            <skyColor>0.04,0.02,0.02</skyColor>
            <gravitationalMultiplier>167</gravitationalMultiplier>
            <orbitalDistance>196</orbitalDistance>
            <orbitalTheta>0</orbitalTheta>
            <orbitalPhi>0</orbitalPhi>
            <avgTemperature>279</avgTemperature>
            <rotationalPeriod>24000</rotationalPeriod>
            <atmosphereDensity>100</atmosphereDensity>
            <generateCraters>false</generateCraters>
            <generateVolcanos>false</generateVolcanos>
            <generateStructures>false</generateStructures>
            <generateGeodes>false</generateGeodes>
            <biomeIds>minecraft:jungle_hills,minecraft:savanna,minecraft:mutated_birch_forest_hills,minecraft:mutated_birch_forest,minecraft:swampland</biomeIds>
            <planet DIMID="54" name="S5-P4-M1">
                <isKnown>true</isKnown>
                <fogColor>1.0,1.0,1.0</fogColor>
                <skyColor>1.0,1.0,1.0</skyColor>
                <gravitationalMultiplier>20</gravitationalMultiplier>
                <orbitalDistance>11</orbitalDistance>
                <orbitalTheta>0</orbitalTheta>
                <orbitalPhi>0</orbitalPhi>
                <avgTemperature>1048</avgTemperature>
                <rotationalPeriod>24000</rotationalPeriod>
                <atmosphereDensity>0</atmosphereDensity>
                <generateCraters>false</generateCraters>
                <generateVolcanos>false</generateVolcanos>
                <generateStructures>false</generateStructures>
                <generateGeodes>false</generateGeodes>
                <biomeIds>advancedrocketry:moon,advancedrocketry:moondark</biomeIds>
            </planet>
            <planet DIMID="55" name="S5-P4-M2">
                <isKnown>true</isKnown>
                <fogColor>1.0,1.0,1.0</fogColor>
                <skyColor>1.0,1.0,1.0</skyColor>
                <gravitationalMultiplier>10</gravitationalMultiplier>
                <orbitalDistance>54</orbitalDistance>
                <orbitalTheta>0</orbitalTheta>
                <orbitalPhi>0</orbitalPhi>
                <avgTemperature>473</avgTemperature>
                <rotationalPeriod>24000</rotationalPeriod>
                <atmosphereDensity>0</atmosphereDensity>
                <generateCraters>false</generateCraters>
                <generateVolcanos>false</generateVolcanos>
                <generateStructures>false</generateStructures>
                <generateGeodes>false</generateGeodes>
                <biomeIds>advancedrocketry:moon,advancedrocketry:moondark</biomeIds>
            </planet>
            <planet DIMID="56" name="S5-P4-M3">
                <isKnown>true</isKnown>
                <fogColor>1.0,1.0,1.0</fogColor>
                <skyColor>1.0,1.0,1.0</skyColor>
                <gravitationalMultiplier>80</gravitationalMultiplier>
                <orbitalDistance>78</orbitalDistance>
                <orbitalTheta>0</orbitalTheta>
                <orbitalPhi>0</orbitalPhi>
                <avgTemperature>393</avgTemperature>
                <rotationalPeriod>24000</rotationalPeriod>
                <atmosphereDensity>0</atmosphereDensity>
                <generateCraters>false</generateCraters>
                <generateVolcanos>false</generateVolcanos>
                <generateStructures>false</generateStructures>
                <generateGeodes>false</generateGeodes>
                <biomeIds>advancedrocketry:moon,advancedrocketry:moondark</biomeIds>
            </planet>
        </planet>
    </star>
    <star blackHole="true" name="Solitude" numGasGiants="0" numPlanets="0" size="2.0" temp="100" x="188" y="143">
        <planet DIMID="57" name="Limbo (57)">
            <isKnown>true</isKnown>
            <fogColor>1.0,1.0,1.0</fogColor>
            <skyColor>1.0,1.0,1.0</skyColor>
            <gravitationalMultiplier>100</gravitationalMultiplier>
            <orbitalDistance>100</orbitalDistance>
            <orbitalTheta>0</orbitalTheta>
            <orbitalPhi>0</orbitalPhi>
            <avgTemperature>361</avgTemperature>
            <rotationalPeriod>12000</rotationalPeriod>
            <atmosphereDensity>75</atmosphereDensity>
            <generateCraters>false</generateCraters>
            <generateVolcanos>false</generateVolcanos>
            <generateStructures>false</generateStructures>
            <generateGeodes>false</generateGeodes>
            <biomeIds>advancedrocketry:alien forest,minecraft:river</biomeIds>
        </planet>
    </star>
    <star blackHole="false" name="Uootoob" numGasGiants="0" numPlanets="0" size="1.0" temp="100" x="-87" y="77">
        <planet DIMID="58" name="JimMiningWorm">
            <isKnown>true</isKnown>
            <fogColor>0.78,1.0,0.65</fogColor>
            <skyColor>0.78,1.0,0.65</skyColor>
            <gravitationalMultiplier>90</gravitationalMultiplier>
            <orbitalDistance>70</orbitalDistance>
            <orbitalTheta>0</orbitalTheta>
            <orbitalPhi>0</orbitalPhi>
            <avgTemperature>344</avgTemperature>
            <rotationalPeriod>24000</rotationalPeriod>
            <atmosphereDensity>125</atmosphereDensity>
            <generateCraters>false</generateCraters>
            <generateVolcanos>false</generateVolcanos>
            <generateStructures>false</generateStructures>
            <generateGeodes>false</generateGeodes>
            <biomeIds>minecraft:jungle,minecraft:river,minecraft:forest_hills,minecraft:mutated_plains</biomeIds>
            <planet DIMID="59" name="Biscay">
                <isKnown>true</isKnown>
                <fogColor>1.0,1.0,1.0</fogColor>
                <skyColor>1.0,1.0,1.0</skyColor>
                <gravitationalMultiplier>40</gravitationalMultiplier>
                <orbitalDistance>10</orbitalDistance>
                <orbitalTheta>0</orbitalTheta>
                <orbitalPhi>0</orbitalPhi>
                <avgTemperature>809</avgTemperature>
                <rotationalPeriod>24000</rotationalPeriod>
                <atmosphereDensity>0</atmosphereDensity>
                <generateCraters>false</generateCraters>
                <generateVolcanos>false</generateVolcanos>
                <generateStructures>false</generateStructures>
                <generateGeodes>false</generateGeodes>
                <biomeIds>advancedrocketry:moon,advancedrocketry:moondark</biomeIds>
            </planet>
            <planet DIMID="60" name="Scargill">
                <isKnown>true</isKnown>
                <fogColor>1.0,1.0,1.0</fogColor>
                <skyColor>1.0,1.0,1.0</skyColor>
                <gravitationalMultiplier>60</gravitationalMultiplier>
                <orbitalDistance>20</orbitalDistance>
                <orbitalTheta>0</orbitalTheta>
                <orbitalPhi>0</orbitalPhi>
                <avgTemperature>572</avgTemperature>
                <rotationalPeriod>24000</rotationalPeriod>
                <atmosphereDensity>0</atmosphereDensity>
                <generateCraters>false</generateCraters>
                <generateVolcanos>false</generateVolcanos>
                <generateStructures>false</generateStructures>
                <generateGeodes>false</generateGeodes>
                <biomeIds>advancedrocketry:moon,advancedrocketry:moondark</biomeIds>
            </planet>
        </planet>
        <planet DIMID="61" name="Lensmanoz">
            <isKnown>true</isKnown>
            <hasRings>true</hasRings>
            <ringColor>0.4,0.4,0.7</ringColor>
            <fogColor>0.13,0.48,0.13</fogColor>
            <skyColor>0.13,0.48,0.13</skyColor>
            <gravitationalMultiplier>100</gravitationalMultiplier>
            <orbitalDistance>100</orbitalDistance>
            <orbitalTheta>0</orbitalTheta>
            <orbitalPhi>0</orbitalPhi>
            <avgTemperature>287</avgTemperature>
            <rotationalPeriod>24000</rotationalPeriod>
            <atmosphereDensity>100</atmosphereDensity>
            <generateCraters>false</generateCraters>
            <generateVolcanos>false</generateVolcanos>
            <generateStructures>false</generateStructures>
            <generateGeodes>false</generateGeodes>
            <biomeIds>minecraft:plains,minecraft:river,minecraft:jungle_hills,minecraft:jungle_edge</biomeIds>
        </planet>
        <planet DIMID="62" name="nzhook">
            <isKnown>true</isKnown>
            <hasRings>true</hasRings>
            <ringColor>0.4,0.4,0.7</ringColor>
            <fogColor>0.0,0.34,0.44</fogColor>
            <skyColor>0.0,0.34,0.44</skyColor>
            <gravitationalMultiplier>80</gravitationalMultiplier>
            <orbitalDistance>115</orbitalDistance>
            <orbitalTheta>0</orbitalTheta>
            <orbitalPhi>0</orbitalPhi>
            <avgTemperature>268</avgTemperature>
            <rotationalPeriod>24000</rotationalPeriod>
            <atmosphereDensity>110</atmosphereDensity>
            <generateCraters>false</generateCraters>
            <generateVolcanos>false</generateVolcanos>
            <generateStructures>false</generateStructures>
            <generateGeodes>false</generateGeodes>
            <biomeIds>minecraft:ocean,minecraft:deep_ocean,minecraft:beaches</biomeIds>
        </planet>
    </star>
</galaxy>
